timestamp, name, utilization.gpu [%], utilization.memory [%], memory.used [MiB], memory.total [MiB], power.draw [W]
2026/04/15 03:11:43.984, NVIDIA L4, 0 %, 0 %, 0 MiB, 23034 MiB, 12.20 W
2026/04/15 03:11:44.188, NVIDIA L4, 0 %, 0 %, 0 MiB, 23034 MiB, 12.20 W
2026/04/15 03:11:44.388, NVIDIA L4, 0 %, 0 %, 0 MiB, 23034 MiB, 12.20 W
2026/04/15 03:11:44.589, NVIDIA L4, 0 %, 0 %, 0 MiB, 23034 MiB, 12.20 W
2026/04/15 03:11:44.789, NVIDIA L4, 0 %, 0 %, 0 MiB, 23034 MiB, 12.20 W
2026/04/15 03:11:44.989, NVIDIA L4, 0 %, 0 %, 0 MiB, 23034 MiB, 12.25 W
2026/04/15 03:11:45.189, NVIDIA L4, 0 %, 0 %, 0 MiB, 23034 MiB, 12.25 W
2026/04/15 03:11:45.390, NVIDIA L4, 0 %, 0 %, 0 MiB, 23034 MiB, 12.25 W
2026/04/15 03:11:45.590, NVIDIA L4, 0 %, 0 %, 0 MiB, 23034 MiB, 12.25 W
2026/04/15 03:11:45.790, NVIDIA L4, 0 %, 0 %, 0 MiB, 23034 MiB, 12.25 W
2026/04/15 03:11:45.990, NVIDIA L4, 0 %, 0 %, 0 MiB, 23034 MiB, 12.30 W
2026/04/15 03:11:46.190, NVIDIA L4, 0 %, 0 %, 0 MiB, 23034 MiB, 12.30 W
2026/04/15 03:11:46.391, NVIDIA L4, 0 %, 0 %, 0 MiB, 23034 MiB, 12.30 W
2026/04/15 03:11:46.591, NVIDIA L4, 0 %, 0 %, 0 MiB, 23034 MiB, 12.30 W
2026/04/15 03:11:46.791, NVIDIA L4, 0 %, 0 %, 0 MiB, 23034 MiB, 12.30 W
2026/04/15 03:11:46.991, NVIDIA L4, 0 %, 0 %, 0 MiB, 23034 MiB, 12.65 W
2026/04/15 03:11:47.192, NVIDIA L4, 0 %, 0 %, 0 MiB, 23034 MiB, 12.65 W
2026/04/15 03:11:47.392, NVIDIA L4, 0 %, 0 %, 0 MiB, 23034 MiB, 12.65 W
2026/04/15 03:11:47.592, NVIDIA L4, 0 %, 0 %, 0 MiB, 23034 MiB, 12.65 W
2026/04/15 03:11:47.792, NVIDIA L4, 0 %, 0 %, 0 MiB, 23034 MiB, 12.65 W
2026/04/15 03:11:47.993, NVIDIA L4, 0 %, 0 %, 0 MiB, 23034 MiB, 12.40 W
2026/04/15 03:11:48.193, NVIDIA L4, 0 %, 0 %, 0 MiB, 23034 MiB, 12.40 W
2026/04/15 03:11:48.393, NVIDIA L4, 0 %, 0 %, 0 MiB, 23034 MiB, 12.40 W
2026/04/15 03:11:48.593, NVIDIA L4, 0 %, 0 %, 0 MiB, 23034 MiB, 12.40 W
2026/04/15 03:11:48.794, NVIDIA L4, 0 %, 0 %, 0 MiB, 23034 MiB, 12.45 W
2026/04/15 03:11:48.994, NVIDIA L4, 0 %, 0 %, 0 MiB, 23034 MiB, 12.45 W
2026/04/15 03:11:49.194, NVIDIA L4, 0 %, 0 %, 0 MiB, 23034 MiB, 12.45 W
2026/04/15 03:11:49.394, NVIDIA L4, 0 %, 0 %, 0 MiB, 23034 MiB, 12.45 W
2026/04/15 03:11:49.595, NVIDIA L4, 0 %, 0 %, 0 MiB, 23034 MiB, 12.45 W
2026/04/15 03:11:49.795, NVIDIA L4, 0 %, 0 %, 0 MiB, 23034 MiB, 12.45 W
2026/04/15 03:11:49.995, NVIDIA L4, 0 %, 0 %, 0 MiB, 23034 MiB, 12.45 W
2026/04/15 03:11:50.196, NVIDIA L4, 0 %, 0 %, 0 MiB, 23034 MiB, 12.45 W
2026/04/15 03:11:50.396, NVIDIA L4, 0 %, 0 %, 0 MiB, 23034 MiB, 12.45 W
2026/04/15 03:11:50.596, NVIDIA L4, 0 %, 0 %, 0 MiB, 23034 MiB, 12.45 W
2026/04/15 03:11:50.797, NVIDIA L4, 0 %, 0 %, 0 MiB, 23034 MiB, 12.50 W
2026/04/15 03:11:50.997, NVIDIA L4, 0 %, 0 %, 0 MiB, 23034 MiB, 12.50 W
2026/04/15 03:11:51.197, NVIDIA L4, 0 %, 0 %, 0 MiB, 23034 MiB, 12.50 W
2026/04/15 03:11:51.397, NVIDIA L4, 0 %, 0 %, 0 MiB, 23034 MiB, 12.50 W
2026/04/15 03:11:51.598, NVIDIA L4, 0 %, 0 %, 0 MiB, 23034 MiB, 12.50 W
2026/04/15 03:11:51.798, NVIDIA L4, 0 %, 0 %, 0 MiB, 23034 MiB, 12.65 W
2026/04/15 03:11:51.998, NVIDIA L4, 0 %, 0 %, 0 MiB, 23034 MiB, 12.65 W
2026/04/15 03:11:52.198, NVIDIA L4, 0 %, 0 %, 0 MiB, 23034 MiB, 12.65 W
2026/04/15 03:11:52.399, NVIDIA L4, 0 %, 0 %, 0 MiB, 23034 MiB, 12.65 W
2026/04/15 03:11:52.599, NVIDIA L4, 0 %, 0 %, 0 MiB, 23034 MiB, 12.65 W
2026/04/15 03:11:52.799, NVIDIA L4, 0 %, 0 %, 0 MiB, 23034 MiB, 12.50 W
2026/04/15 03:11:53.000, NVIDIA L4, 0 %, 0 %, 0 MiB, 23034 MiB, 12.50 W
2026/04/15 03:11:53.200, NVIDIA L4, 0 %, 0 %, 0 MiB, 23034 MiB, 12.50 W
2026/04/15 03:11:53.400, NVIDIA L4, 0 %, 0 %, 0 MiB, 23034 MiB, 12.50 W
2026/04/15 03:11:53.600, NVIDIA L4, 0 %, 0 %, 0 MiB, 23034 MiB, 12.50 W
2026/04/15 03:11:53.801, NVIDIA L4, 0 %, 0 %, 0 MiB, 23034 MiB, 12.40 W
2026/04/15 03:11:54.001, NVIDIA L4, 0 %, 0 %, 0 MiB, 23034 MiB, 12.40 W
2026/04/15 03:11:54.201, NVIDIA L4, 0 %, 0 %, 0 MiB, 23034 MiB, 12.40 W
2026/04/15 03:11:54.402, NVIDIA L4, 0 %, 0 %, 0 MiB, 23034 MiB, 12.40 W
2026/04/15 03:11:54.603, NVIDIA L4, 0 %, 0 %, 0 MiB, 23034 MiB, 12.40 W
2026/04/15 03:11:54.803, NVIDIA L4, 0 %, 0 %, 0 MiB, 23034 MiB, 12.40 W
2026/04/15 03:11:55.003, NVIDIA L4, 0 %, 0 %, 0 MiB, 23034 MiB, 12.40 W
2026/04/15 03:11:55.203, NVIDIA L4, 0 %, 0 %, 0 MiB, 23034 MiB, 12.40 W
2026/04/15 03:11:55.404, NVIDIA L4, 0 %, 0 %, 0 MiB, 23034 MiB, 12.40 W
2026/04/15 03:11:55.604, NVIDIA L4, 0 %, 0 %, 0 MiB, 23034 MiB, 12.40 W
2026/04/15 03:11:55.804, NVIDIA L4, 0 %, 0 %, 0 MiB, 23034 MiB, 12.55 W
2026/04/15 03:11:56.005, NVIDIA L4, 0 %, 0 %, 0 MiB, 23034 MiB, 12.55 W
2026/04/15 03:11:56.205, NVIDIA L4, 0 %, 0 %, 0 MiB, 23034 MiB, 12.55 W
2026/04/15 03:11:56.405, NVIDIA L4, 0 %, 0 %, 0 MiB, 23034 MiB, 12.55 W
2026/04/15 03:11:56.605, NVIDIA L4, 0 %, 0 %, 0 MiB, 23034 MiB, 12.55 W
2026/04/15 03:11:56.806, NVIDIA L4, 0 %, 0 %, 0 MiB, 23034 MiB, 12.55 W
2026/04/15 03:11:57.006, NVIDIA L4, 0 %, 0 %, 0 MiB, 23034 MiB, 12.35 W
2026/04/15 03:11:57.206, NVIDIA L4, 0 %, 0 %, 0 MiB, 23034 MiB, 12.35 W
2026/04/15 03:11:57.407, NVIDIA L4, 0 %, 0 %, 0 MiB, 23034 MiB, 12.35 W
2026/04/15 03:11:57.607, NVIDIA L4, 0 %, 0 %, 0 MiB, 23034 MiB, 12.35 W
2026/04/15 03:11:57.807, NVIDIA L4, 0 %, 0 %, 0 MiB, 23034 MiB, 12.35 W
2026/04/15 03:11:58.007, NVIDIA L4, 0 %, 0 %, 0 MiB, 23034 MiB, 12.65 W
2026/04/15 03:11:58.208, NVIDIA L4, 0 %, 0 %, 0 MiB, 23034 MiB, 12.65 W
2026/04/15 03:11:58.408, NVIDIA L4, 0 %, 0 %, 0 MiB, 23034 MiB, 12.65 W
2026/04/15 03:11:58.608, NVIDIA L4, 0 %, 0 %, 0 MiB, 23034 MiB, 12.65 W
2026/04/15 03:11:58.808, NVIDIA L4, 0 %, 0 %, 0 MiB, 23034 MiB, 12.50 W
2026/04/15 03:11:59.009, NVIDIA L4, 0 %, 0 %, 0 MiB, 23034 MiB, 12.50 W
2026/04/15 03:11:59.209, NVIDIA L4, 0 %, 0 %, 0 MiB, 23034 MiB, 12.50 W
2026/04/15 03:11:59.409, NVIDIA L4, 0 %, 0 %, 0 MiB, 23034 MiB, 12.50 W
2026/04/15 03:11:59.610, NVIDIA L4, 0 %, 0 %, 0 MiB, 23034 MiB, 12.50 W
2026/04/15 03:11:59.810, NVIDIA L4, 0 %, 0 %, 0 MiB, 23034 MiB, 12.45 W
2026/04/15 03:12:00.010, NVIDIA L4, 0 %, 0 %, 0 MiB, 23034 MiB, 12.45 W
2026/04/15 03:12:00.210, NVIDIA L4, 0 %, 0 %, 0 MiB, 23034 MiB, 12.45 W
2026/04/15 03:12:00.411, NVIDIA L4, 0 %, 0 %, 0 MiB, 23034 MiB, 12.45 W
2026/04/15 03:12:00.611, NVIDIA L4, 0 %, 0 %, 0 MiB, 23034 MiB, 12.45 W
2026/04/15 03:12:00.811, NVIDIA L4, 0 %, 0 %, 0 MiB, 23034 MiB, 12.35 W
2026/04/15 03:12:01.012, NVIDIA L4, 0 %, 0 %, 0 MiB, 23034 MiB, 12.35 W
2026/04/15 03:12:01.212, NVIDIA L4, 0 %, 0 %, 0 MiB, 23034 MiB, 12.35 W
2026/04/15 03:12:01.412, NVIDIA L4, 0 %, 0 %, 0 MiB, 23034 MiB, 12.35 W
2026/04/15 03:12:01.612, NVIDIA L4, 0 %, 0 %, 0 MiB, 23034 MiB, 12.35 W
2026/04/15 03:12:01.813, NVIDIA L4, 0 %, 0 %, 0 MiB, 23034 MiB, 12.30 W
2026/04/15 03:12:02.013, NVIDIA L4, 0 %, 0 %, 0 MiB, 23034 MiB, 12.30 W
2026/04/15 03:12:02.213, NVIDIA L4, 0 %, 0 %, 0 MiB, 23034 MiB, 12.30 W
2026/04/15 03:12:02.414, NVIDIA L4, 0 %, 0 %, 0 MiB, 23034 MiB, 12.30 W
2026/04/15 03:12:02.614, NVIDIA L4, 0 %, 0 %, 0 MiB, 23034 MiB, 12.30 W
2026/04/15 03:12:02.814, NVIDIA L4, 0 %, 0 %, 0 MiB, 23034 MiB, 12.25 W
2026/04/15 03:12:03.014, NVIDIA L4, 0 %, 0 %, 0 MiB, 23034 MiB, 12.25 W
2026/04/15 03:12:03.215, NVIDIA L4, 0 %, 0 %, 0 MiB, 23034 MiB, 12.25 W
2026/04/15 03:12:03.415, NVIDIA L4, 0 %, 0 %, 0 MiB, 23034 MiB, 12.25 W
2026/04/15 03:12:03.615, NVIDIA L4, 0 %, 0 %, 0 MiB, 23034 MiB, 12.25 W
2026/04/15 03:12:03.816, NVIDIA L4, 0 %, 0 %, 0 MiB, 23034 MiB, 12.25 W
2026/04/15 03:12:04.016, NVIDIA L4, 0 %, 0 %, 0 MiB, 23034 MiB, 12.25 W
2026/04/15 03:12:04.216, NVIDIA L4, 0 %, 0 %, 0 MiB, 23034 MiB, 12.25 W
2026/04/15 03:12:04.416, NVIDIA L4, 0 %, 0 %, 0 MiB, 23034 MiB, 12.25 W
2026/04/15 03:12:04.617, NVIDIA L4, 0 %, 0 %, 0 MiB, 23034 MiB, 12.25 W
2026/04/15 03:12:04.817, NVIDIA L4, 0 %, 0 %, 0 MiB, 23034 MiB, 12.35 W
2026/04/15 03:12:05.017, NVIDIA L4, 0 %, 0 %, 0 MiB, 23034 MiB, 12.35 W
2026/04/15 03:12:05.217, NVIDIA L4, 0 %, 0 %, 0 MiB, 23034 MiB, 12.35 W
2026/04/15 03:12:05.418, NVIDIA L4, 0 %, 0 %, 0 MiB, 23034 MiB, 12.35 W
2026/04/15 03:12:05.618, NVIDIA L4, 0 %, 0 %, 0 MiB, 23034 MiB, 12.35 W
2026/04/15 03:12:05.818, NVIDIA L4, 0 %, 0 %, 0 MiB, 23034 MiB, 12.45 W
2026/04/15 03:12:06.019, NVIDIA L4, 0 %, 0 %, 0 MiB, 23034 MiB, 12.45 W
2026/04/15 03:12:06.219, NVIDIA L4, 0 %, 0 %, 0 MiB, 23034 MiB, 12.45 W
2026/04/15 03:12:06.419, NVIDIA L4, 0 %, 0 %, 0 MiB, 23034 MiB, 12.45 W
2026/04/15 03:12:06.619, NVIDIA L4, 0 %, 0 %, 0 MiB, 23034 MiB, 12.45 W
2026/04/15 03:12:06.820, NVIDIA L4, 0 %, 0 %, 0 MiB, 23034 MiB, 12.40 W
2026/04/15 03:12:07.020, NVIDIA L4, 0 %, 0 %, 0 MiB, 23034 MiB, 12.40 W
2026/04/15 03:12:07.220, NVIDIA L4, 0 %, 0 %, 0 MiB, 23034 MiB, 12.40 W
2026/04/15 03:12:07.421, NVIDIA L4, 0 %, 0 %, 0 MiB, 23034 MiB, 12.40 W
2026/04/15 03:12:07.623, NVIDIA L4, 0 %, 0 %, 0 MiB, 23034 MiB, 12.40 W
2026/04/15 03:12:07.823, NVIDIA L4, 0 %, 0 %, 0 MiB, 23034 MiB, 12.95 W
2026/04/15 03:12:08.023, NVIDIA L4, 0 %, 0 %, 0 MiB, 23034 MiB, 12.95 W
2026/04/15 03:12:08.223, NVIDIA L4, 0 %, 0 %, 0 MiB, 23034 MiB, 12.95 W
2026/04/15 03:12:08.424, NVIDIA L4, 0 %, 0 %, 0 MiB, 23034 MiB, 12.95 W
2026/04/15 03:12:08.624, NVIDIA L4, 0 %, 0 %, 0 MiB, 23034 MiB, 12.95 W
2026/04/15 03:12:08.824, NVIDIA L4, 0 %, 0 %, 0 MiB, 23034 MiB, 12.70 W
2026/04/15 03:12:09.024, NVIDIA L4, 0 %, 0 %, 0 MiB, 23034 MiB, 12.70 W
2026/04/15 03:12:09.225, NVIDIA L4, 0 %, 0 %, 0 MiB, 23034 MiB, 12.45 W
2026/04/15 03:12:09.425, NVIDIA L4, 0 %, 0 %, 0 MiB, 23034 MiB, 12.70 W
2026/04/15 03:12:09.625, NVIDIA L4, 0 %, 0 %, 0 MiB, 23034 MiB, 12.70 W
2026/04/15 03:12:09.825, NVIDIA L4, 0 %, 0 %, 0 MiB, 23034 MiB, 12.45 W
2026/04/15 03:12:10.026, NVIDIA L4, 0 %, 0 %, 0 MiB, 23034 MiB, 12.45 W
2026/04/15 03:12:10.226, NVIDIA L4, 0 %, 0 %, 0 MiB, 23034 MiB, 12.45 W
2026/04/15 03:12:10.426, NVIDIA L4, 0 %, 0 %, 0 MiB, 23034 MiB, 12.45 W
2026/04/15 03:12:10.627, NVIDIA L4, 0 %, 0 %, 0 MiB, 23034 MiB, 12.45 W
2026/04/15 03:12:10.827, NVIDIA L4, 0 %, 0 %, 0 MiB, 23034 MiB, 12.40 W
2026/04/15 03:12:11.027, NVIDIA L4, 0 %, 0 %, 0 MiB, 23034 MiB, 12.40 W
2026/04/15 03:12:11.227, NVIDIA L4, 0 %, 0 %, 0 MiB, 23034 MiB, 12.40 W
2026/04/15 03:12:11.428, NVIDIA L4, 0 %, 0 %, 0 MiB, 23034 MiB, 12.40 W
2026/04/15 03:12:11.628, NVIDIA L4, 0 %, 0 %, 0 MiB, 23034 MiB, 12.40 W
2026/04/15 03:12:11.828, NVIDIA L4, 0 %, 0 %, 0 MiB, 23034 MiB, 12.40 W
2026/04/15 03:12:12.028, NVIDIA L4, 0 %, 0 %, 0 MiB, 23034 MiB, 12.40 W
2026/04/15 03:12:12.228, NVIDIA L4, 0 %, 0 %, 0 MiB, 23034 MiB, 12.40 W
2026/04/15 03:12:12.429, NVIDIA L4, 0 %, 0 %, 0 MiB, 23034 MiB, 12.40 W
2026/04/15 03:12:12.629, NVIDIA L4, 0 %, 0 %, 0 MiB, 23034 MiB, 12.40 W
2026/04/15 03:12:12.829, NVIDIA L4, 0 %, 0 %, 0 MiB, 23034 MiB, 12.30 W
2026/04/15 03:12:13.029, NVIDIA L4, 0 %, 0 %, 0 MiB, 23034 MiB, 12.30 W
2026/04/15 03:12:13.229, NVIDIA L4, 0 %, 0 %, 0 MiB, 23034 MiB, 12.30 W
2026/04/15 03:12:13.430, NVIDIA L4, 0 %, 0 %, 0 MiB, 23034 MiB, 12.30 W
2026/04/15 03:12:13.630, NVIDIA L4, 0 %, 0 %, 0 MiB, 23034 MiB, 12.30 W
2026/04/15 03:12:13.830, NVIDIA L4, 0 %, 0 %, 0 MiB, 23034 MiB, 12.25 W
2026/04/15 03:12:14.030, NVIDIA L4, 0 %, 0 %, 0 MiB, 23034 MiB, 12.25 W
2026/04/15 03:12:14.231, NVIDIA L4, 0 %, 0 %, 0 MiB, 23034 MiB, 12.25 W
2026/04/15 03:12:14.431, NVIDIA L4, 0 %, 0 %, 0 MiB, 23034 MiB, 12.25 W
2026/04/15 03:12:14.631, NVIDIA L4, 0 %, 0 %, 0 MiB, 23034 MiB, 12.25 W
2026/04/15 03:12:14.831, NVIDIA L4, 0 %, 0 %, 0 MiB, 23034 MiB, 12.35 W
2026/04/15 03:12:15.032, NVIDIA L4, 0 %, 0 %, 0 MiB, 23034 MiB, 12.35 W
2026/04/15 03:12:15.232, NVIDIA L4, 0 %, 0 %, 0 MiB, 23034 MiB, 12.35 W
2026/04/15 03:12:15.432, NVIDIA L4, 0 %, 0 %, 0 MiB, 23034 MiB, 12.35 W
2026/04/15 03:12:15.632, NVIDIA L4, 0 %, 0 %, 0 MiB, 23034 MiB, 12.35 W
2026/04/15 03:12:15.832, NVIDIA L4, 0 %, 0 %, 0 MiB, 23034 MiB, 12.45 W
2026/04/15 03:12:16.033, NVIDIA L4, 0 %, 0 %, 0 MiB, 23034 MiB, 12.45 W
2026/04/15 03:12:16.233, NVIDIA L4, 0 %, 0 %, 0 MiB, 23034 MiB, 12.45 W
2026/04/15 03:12:16.433, NVIDIA L4, 0 %, 0 %, 0 MiB, 23034 MiB, 12.45 W
2026/04/15 03:12:16.633, NVIDIA L4, 0 %, 0 %, 0 MiB, 23034 MiB, 12.45 W
2026/04/15 03:12:16.834, NVIDIA L4, 0 %, 0 %, 0 MiB, 23034 MiB, 12.40 W
2026/04/15 03:12:17.034, NVIDIA L4, 0 %, 0 %, 0 MiB, 23034 MiB, 12.40 W
2026/04/15 03:12:17.234, NVIDIA L4, 0 %, 0 %, 0 MiB, 23034 MiB, 12.40 W
2026/04/15 03:12:17.434, NVIDIA L4, 0 %, 0 %, 0 MiB, 23034 MiB, 12.40 W
2026/04/15 03:12:17.635, NVIDIA L4, 0 %, 0 %, 0 MiB, 23034 MiB, 12.40 W
2026/04/15 03:12:17.835, NVIDIA L4, 0 %, 0 %, 0 MiB, 23034 MiB, 12.50 W
2026/04/15 03:12:18.035, NVIDIA L4, 0 %, 0 %, 0 MiB, 23034 MiB, 12.50 W
2026/04/15 03:12:18.235, NVIDIA L4, 0 %, 0 %, 0 MiB, 23034 MiB, 12.50 W
2026/04/15 03:12:18.435, NVIDIA L4, 0 %, 0 %, 0 MiB, 23034 MiB, 12.50 W
2026/04/15 03:12:18.636, NVIDIA L4, 0 %, 0 %, 0 MiB, 23034 MiB, 12.50 W
2026/04/15 03:12:18.836, NVIDIA L4, 0 %, 0 %, 0 MiB, 23034 MiB, 12.50 W
2026/04/15 03:12:19.036, NVIDIA L4, 0 %, 0 %, 0 MiB, 23034 MiB, 12.50 W
2026/04/15 03:12:19.236, NVIDIA L4, 0 %, 0 %, 0 MiB, 23034 MiB, 12.50 W
2026/04/15 03:12:19.437, NVIDIA L4, 0 %, 0 %, 0 MiB, 23034 MiB, 12.50 W
2026/04/15 03:12:19.637, NVIDIA L4, 0 %, 0 %, 0 MiB, 23034 MiB, 12.50 W
2026/04/15 03:12:19.837, NVIDIA L4, 0 %, 0 %, 0 MiB, 23034 MiB, 12.55 W
2026/04/15 03:12:20.037, NVIDIA L4, 0 %, 0 %, 0 MiB, 23034 MiB, 12.55 W
2026/04/15 03:12:20.237, NVIDIA L4, 0 %, 0 %, 0 MiB, 23034 MiB, 12.55 W
2026/04/15 03:12:20.438, NVIDIA L4, 0 %, 0 %, 0 MiB, 23034 MiB, 12.55 W
2026/04/15 03:12:20.638, NVIDIA L4, 0 %, 0 %, 0 MiB, 23034 MiB, 12.55 W
2026/04/15 03:12:20.838, NVIDIA L4, 0 %, 0 %, 0 MiB, 23034 MiB, 12.40 W
2026/04/15 03:12:21.038, NVIDIA L4, 0 %, 0 %, 0 MiB, 23034 MiB, 12.40 W
2026/04/15 03:12:21.239, NVIDIA L4, 0 %, 0 %, 0 MiB, 23034 MiB, 12.40 W
2026/04/15 03:12:21.439, NVIDIA L4, 0 %, 0 %, 0 MiB, 23034 MiB, 12.40 W
2026/04/15 03:12:21.639, NVIDIA L4, 0 %, 0 %, 0 MiB, 23034 MiB, 12.40 W
2026/04/15 03:12:21.839, NVIDIA L4, 0 %, 0 %, 0 MiB, 23034 MiB, 12.50 W
2026/04/15 03:12:22.040, NVIDIA L4, 0 %, 0 %, 0 MiB, 23034 MiB, 12.50 W
2026/04/15 03:12:22.240, NVIDIA L4, 0 %, 0 %, 0 MiB, 23034 MiB, 12.50 W
2026/04/15 03:12:22.440, NVIDIA L4, 0 %, 0 %, 0 MiB, 23034 MiB, 12.50 W
2026/04/15 03:12:22.641, NVIDIA L4, 0 %, 0 %, 0 MiB, 23034 MiB, 12.50 W
2026/04/15 03:12:22.841, NVIDIA L4, 0 %, 0 %, 0 MiB, 23034 MiB, 12.55 W
2026/04/15 03:12:23.041, NVIDIA L4, 0 %, 0 %, 0 MiB, 23034 MiB, 12.55 W
2026/04/15 03:12:23.242, NVIDIA L4, 0 %, 0 %, 0 MiB, 23034 MiB, 12.55 W
2026/04/15 03:12:23.442, NVIDIA L4, 0 %, 0 %, 0 MiB, 23034 MiB, 12.55 W
2026/04/15 03:12:23.642, NVIDIA L4, 0 %, 0 %, 0 MiB, 23034 MiB, 12.55 W
2026/04/15 03:12:23.842, NVIDIA L4, 0 %, 0 %, 0 MiB, 23034 MiB, 12.75 W
2026/04/15 03:12:24.043, NVIDIA L4, 0 %, 0 %, 0 MiB, 23034 MiB, 12.75 W
2026/04/15 03:12:24.244, NVIDIA L4, 0 %, 0 %, 0 MiB, 23034 MiB, 12.75 W
2026/04/15 03:12:24.445, NVIDIA L4, 0 %, 0 %, 0 MiB, 23034 MiB, 12.75 W
2026/04/15 03:12:24.645, NVIDIA L4, 0 %, 0 %, 0 MiB, 23034 MiB, 12.75 W
2026/04/15 03:12:24.845, NVIDIA L4, 0 %, 0 %, 0 MiB, 23034 MiB, 12.65 W
2026/04/15 03:12:25.046, NVIDIA L4, 0 %, 0 %, 0 MiB, 23034 MiB, 12.65 W
2026/04/15 03:12:25.246, NVIDIA L4, 0 %, 0 %, 0 MiB, 23034 MiB, 12.65 W
2026/04/15 03:12:25.446, NVIDIA L4, 0 %, 0 %, 0 MiB, 23034 MiB, 12.65 W
2026/04/15 03:12:25.646, NVIDIA L4, 0 %, 0 %, 0 MiB, 23034 MiB, 12.65 W
2026/04/15 03:12:25.847, NVIDIA L4, 0 %, 0 %, 0 MiB, 23034 MiB, 12.50 W
2026/04/15 03:12:26.047, NVIDIA L4, 0 %, 0 %, 0 MiB, 23034 MiB, 12.50 W
2026/04/15 03:12:26.247, NVIDIA L4, 0 %, 0 %, 0 MiB, 23034 MiB, 12.50 W
2026/04/15 03:12:26.447, NVIDIA L4, 0 %, 0 %, 0 MiB, 23034 MiB, 12.50 W
2026/04/15 03:12:26.648, NVIDIA L4, 0 %, 0 %, 0 MiB, 23034 MiB, 12.50 W
2026/04/15 03:12:26.848, NVIDIA L4, 0 %, 0 %, 0 MiB, 23034 MiB, 12.50 W
2026/04/15 03:12:27.048, NVIDIA L4, 0 %, 0 %, 0 MiB, 23034 MiB, 12.50 W
2026/04/15 03:12:27.248, NVIDIA L4, 0 %, 0 %, 0 MiB, 23034 MiB, 12.50 W
2026/04/15 03:12:27.449, NVIDIA L4, 0 %, 0 %, 0 MiB, 23034 MiB, 12.50 W
2026/04/15 03:12:27.649, NVIDIA L4, 0 %, 0 %, 0 MiB, 23034 MiB, 12.50 W
2026/04/15 03:12:27.849, NVIDIA L4, 0 %, 0 %, 0 MiB, 23034 MiB, 12.45 W
2026/04/15 03:12:28.049, NVIDIA L4, 0 %, 0 %, 0 MiB, 23034 MiB, 12.45 W
2026/04/15 03:12:28.250, NVIDIA L4, 0 %, 0 %, 0 MiB, 23034 MiB, 12.45 W
2026/04/15 03:12:28.450, NVIDIA L4, 0 %, 0 %, 0 MiB, 23034 MiB, 12.45 W
2026/04/15 03:12:28.650, NVIDIA L4, 0 %, 0 %, 0 MiB, 23034 MiB, 12.45 W
2026/04/15 03:12:28.850, NVIDIA L4, 0 %, 0 %, 0 MiB, 23034 MiB, 12.25 W
2026/04/15 03:12:29.051, NVIDIA L4, 0 %, 0 %, 0 MiB, 23034 MiB, 12.25 W
2026/04/15 03:12:29.251, NVIDIA L4, 0 %, 0 %, 0 MiB, 23034 MiB, 12.25 W
2026/04/15 03:12:29.451, NVIDIA L4, 0 %, 0 %, 0 MiB, 23034 MiB, 12.25 W
2026/04/15 03:12:29.651, NVIDIA L4, 0 %, 0 %, 0 MiB, 23034 MiB, 12.25 W
2026/04/15 03:12:29.852, NVIDIA L4, 0 %, 0 %, 0 MiB, 23034 MiB, 12.40 W
2026/04/15 03:12:30.052, NVIDIA L4, 0 %, 0 %, 0 MiB, 23034 MiB, 12.40 W
2026/04/15 03:12:30.252, NVIDIA L4, 0 %, 0 %, 0 MiB, 23034 MiB, 12.40 W
2026/04/15 03:12:30.452, NVIDIA L4, 0 %, 0 %, 0 MiB, 23034 MiB, 12.40 W
2026/04/15 03:12:30.653, NVIDIA L4, 0 %, 0 %, 0 MiB, 23034 MiB, 12.40 W
2026/04/15 03:12:30.853, NVIDIA L4, 0 %, 0 %, 0 MiB, 23034 MiB, 12.55 W
2026/04/15 03:12:31.053, NVIDIA L4, 0 %, 0 %, 0 MiB, 23034 MiB, 12.55 W
2026/04/15 03:12:31.253, NVIDIA L4, 0 %, 0 %, 0 MiB, 23034 MiB, 12.55 W
2026/04/15 03:12:31.454, NVIDIA L4, 0 %, 0 %, 0 MiB, 23034 MiB, 12.55 W
2026/04/15 03:12:31.654, NVIDIA L4, 0 %, 0 %, 0 MiB, 23034 MiB, 12.55 W
2026/04/15 03:12:31.854, NVIDIA L4, 0 %, 0 %, 1 MiB, 23034 MiB, 12.50 W
2026/04/15 03:12:32.054, NVIDIA L4, 0 %, 0 %, 3 MiB, 23034 MiB, 12.50 W
2026/04/15 03:12:32.254, NVIDIA L4, 0 %, 0 %, 3 MiB, 23034 MiB, 13.64 W
2026/04/15 03:12:32.455, NVIDIA L4, 0 %, 0 %, 26 MiB, 23034 MiB, 14.01 W
2026/04/15 03:12:32.655, NVIDIA L4, 3 %, 0 %, 262 MiB, 23034 MiB, 15.67 W
2026/04/15 03:12:32.855, NVIDIA L4, 3 %, 1 %, 262 MiB, 23034 MiB, 16.87 W
2026/04/15 03:12:33.055, NVIDIA L4, 0 %, 0 %, 408 MiB, 23034 MiB, 22.38 W
2026/04/15 03:12:33.256, NVIDIA L4, 0 %, 0 %, 408 MiB, 23034 MiB, 25.13 W
2026/04/15 03:12:33.456, NVIDIA L4, 0 %, 0 %, 1334 MiB, 23034 MiB, 26.94 W
2026/04/15 03:12:33.656, NVIDIA L4, 0 %, 0 %, 2406 MiB, 23034 MiB, 27.79 W
2026/04/15 03:12:33.856, NVIDIA L4, 0 %, 0 %, 2406 MiB, 23034 MiB, 27.80 W
2026/04/15 03:12:34.057, NVIDIA L4, 0 %, 0 %, 2406 MiB, 23034 MiB, 27.79 W
2026/04/15 03:12:34.257, NVIDIA L4, 0 %, 0 %, 2406 MiB, 23034 MiB, 27.80 W
2026/04/15 03:12:34.457, NVIDIA L4, 0 %, 0 %, 2406 MiB, 23034 MiB, 27.80 W
2026/04/15 03:12:34.657, NVIDIA L4, 0 %, 0 %, 2406 MiB, 23034 MiB, 27.77 W
2026/04/15 03:12:34.857, NVIDIA L4, 0 %, 0 %, 2406 MiB, 23034 MiB, 27.77 W
2026/04/15 03:12:35.058, NVIDIA L4, 0 %, 0 %, 2406 MiB, 23034 MiB, 27.77 W
2026/04/15 03:12:35.258, NVIDIA L4, 0 %, 0 %, 2406 MiB, 23034 MiB, 27.77 W
2026/04/15 03:12:35.458, NVIDIA L4, 0 %, 0 %, 2406 MiB, 23034 MiB, 27.77 W
2026/04/15 03:12:35.658, NVIDIA L4, 0 %, 0 %, 2406 MiB, 23034 MiB, 27.70 W
2026/04/15 03:12:35.859, NVIDIA L4, 0 %, 0 %, 2406 MiB, 23034 MiB, 27.70 W
2026/04/15 03:12:36.059, NVIDIA L4, 0 %, 0 %, 2406 MiB, 23034 MiB, 27.70 W
2026/04/15 03:12:36.259, NVIDIA L4, 0 %, 0 %, 2406 MiB, 23034 MiB, 27.70 W
2026/04/15 03:12:36.459, NVIDIA L4, 0 %, 0 %, 2406 MiB, 23034 MiB, 27.70 W
2026/04/15 03:12:36.660, NVIDIA L4, 0 %, 0 %, 2406 MiB, 23034 MiB, 27.65 W
2026/04/15 03:12:36.860, NVIDIA L4, 0 %, 0 %, 2406 MiB, 23034 MiB, 27.65 W
2026/04/15 03:12:37.060, NVIDIA L4, 0 %, 0 %, 2406 MiB, 23034 MiB, 27.65 W
2026/04/15 03:12:37.261, NVIDIA L4, 0 %, 0 %, 2406 MiB, 23034 MiB, 27.65 W
2026/04/15 03:12:37.461, NVIDIA L4, 0 %, 0 %, 2406 MiB, 23034 MiB, 27.65 W
2026/04/15 03:12:37.661, NVIDIA L4, 0 %, 0 %, 2406 MiB, 23034 MiB, 27.70 W
2026/04/15 03:12:37.861, NVIDIA L4, 0 %, 0 %, 2406 MiB, 23034 MiB, 27.70 W
2026/04/15 03:12:38.062, NVIDIA L4, 0 %, 0 %, 2406 MiB, 23034 MiB, 27.70 W
2026/04/15 03:12:38.262, NVIDIA L4, 0 %, 0 %, 2406 MiB, 23034 MiB, 27.70 W
2026/04/15 03:12:38.462, NVIDIA L4, 0 %, 0 %, 2406 MiB, 23034 MiB, 27.70 W
2026/04/15 03:12:38.662, NVIDIA L4, 0 %, 0 %, 2406 MiB, 23034 MiB, 27.75 W
2026/04/15 03:12:38.862, NVIDIA L4, 0 %, 0 %, 2406 MiB, 23034 MiB, 27.75 W
2026/04/15 03:12:39.063, NVIDIA L4, 0 %, 0 %, 2406 MiB, 23034 MiB, 27.75 W
2026/04/15 03:12:39.263, NVIDIA L4, 0 %, 0 %, 2406 MiB, 23034 MiB, 27.75 W
2026/04/15 03:12:39.463, NVIDIA L4, 0 %, 0 %, 2406 MiB, 23034 MiB, 27.75 W
2026/04/15 03:12:39.663, NVIDIA L4, 0 %, 0 %, 2406 MiB, 23034 MiB, 27.70 W
2026/04/15 03:12:39.864, NVIDIA L4, 0 %, 0 %, 2406 MiB, 23034 MiB, 27.70 W
2026/04/15 03:12:40.064, NVIDIA L4, 0 %, 0 %, 2406 MiB, 23034 MiB, 27.70 W
2026/04/15 03:12:40.264, NVIDIA L4, 0 %, 0 %, 2406 MiB, 23034 MiB, 27.70 W
2026/04/15 03:12:40.823, NVIDIA L4, 0 %, 0 %, 2406 MiB, 23034 MiB, 27.75 W
2026/04/15 03:12:41.023, NVIDIA L4, 0 %, 0 %, 2406 MiB, 23034 MiB, 27.75 W
2026/04/15 03:12:41.224, NVIDIA L4, 0 %, 0 %, 2406 MiB, 23034 MiB, 27.75 W
2026/04/15 03:12:41.424, NVIDIA L4, 0 %, 0 %, 2406 MiB, 23034 MiB, 27.75 W
2026/04/15 03:12:41.624, NVIDIA L4, 0 %, 0 %, 2406 MiB, 23034 MiB, 27.79 W
2026/04/15 03:12:41.824, NVIDIA L4, 0 %, 0 %, 2406 MiB, 23034 MiB, 27.79 W
2026/04/15 03:12:42.025, NVIDIA L4, 0 %, 0 %, 2406 MiB, 23034 MiB, 27.79 W
2026/04/15 03:12:42.225, NVIDIA L4, 0 %, 0 %, 2406 MiB, 23034 MiB, 27.79 W
2026/04/15 03:12:42.425, NVIDIA L4, 0 %, 0 %, 2406 MiB, 23034 MiB, 27.79 W
2026/04/15 03:12:42.625, NVIDIA L4, 0 %, 0 %, 2406 MiB, 23034 MiB, 27.84 W
2026/04/15 03:12:42.826, NVIDIA L4, 0 %, 0 %, 2406 MiB, 23034 MiB, 27.84 W
2026/04/15 03:12:43.026, NVIDIA L4, 0 %, 0 %, 2406 MiB, 23034 MiB, 27.84 W
2026/04/15 03:12:43.226, NVIDIA L4, 0 %, 0 %, 2406 MiB, 23034 MiB, 27.84 W
2026/04/15 03:12:43.426, NVIDIA L4, 0 %, 0 %, 2406 MiB, 23034 MiB, 27.84 W
2026/04/15 03:12:43.626, NVIDIA L4, 0 %, 0 %, 2406 MiB, 23034 MiB, 27.89 W
2026/04/15 03:12:43.827, NVIDIA L4, 0 %, 0 %, 2406 MiB, 23034 MiB, 27.89 W
2026/04/15 03:12:44.027, NVIDIA L4, 0 %, 0 %, 2406 MiB, 23034 MiB, 27.89 W
2026/04/15 03:12:44.227, NVIDIA L4, 0 %, 0 %, 2406 MiB, 23034 MiB, 27.89 W
2026/04/15 03:12:44.427, NVIDIA L4, 0 %, 0 %, 2406 MiB, 23034 MiB, 27.89 W
2026/04/15 03:12:44.628, NVIDIA L4, 0 %, 0 %, 2406 MiB, 23034 MiB, 27.89 W
2026/04/15 03:12:44.828, NVIDIA L4, 0 %, 0 %, 2406 MiB, 23034 MiB, 27.89 W
2026/04/15 03:12:45.028, NVIDIA L4, 0 %, 0 %, 2406 MiB, 23034 MiB, 27.89 W
2026/04/15 03:12:45.228, NVIDIA L4, 0 %, 0 %, 2406 MiB, 23034 MiB, 27.89 W
2026/04/15 03:12:45.429, NVIDIA L4, 0 %, 0 %, 2406 MiB, 23034 MiB, 27.89 W
2026/04/15 03:12:45.702, NVIDIA L4, 0 %, 0 %, 2406 MiB, 23034 MiB, 27.89 W
2026/04/15 03:12:45.902, NVIDIA L4, 0 %, 0 %, 2406 MiB, 23034 MiB, 27.89 W
2026/04/15 03:12:46.102, NVIDIA L4, 0 %, 0 %, 2406 MiB, 23034 MiB, 27.89 W
2026/04/15 03:12:46.303, NVIDIA L4, 0 %, 0 %, 2406 MiB, 23034 MiB, 27.89 W
2026/04/15 03:12:46.503, NVIDIA L4, 0 %, 0 %, 2406 MiB, 23034 MiB, 27.89 W
2026/04/15 03:12:46.703, NVIDIA L4, 0 %, 0 %, 2406 MiB, 23034 MiB, 27.89 W
2026/04/15 03:12:46.903, NVIDIA L4, 0 %, 0 %, 2406 MiB, 23034 MiB, 27.89 W
2026/04/15 03:12:47.103, NVIDIA L4, 0 %, 0 %, 2406 MiB, 23034 MiB, 27.89 W
2026/04/15 03:12:47.304, NVIDIA L4, 0 %, 0 %, 2406 MiB, 23034 MiB, 27.89 W
2026/04/15 03:12:47.504, NVIDIA L4, 0 %, 0 %, 2406 MiB, 23034 MiB, 27.89 W
2026/04/15 03:12:47.704, NVIDIA L4, 0 %, 0 %, 2406 MiB, 23034 MiB, 27.83 W
2026/04/15 03:12:47.904, NVIDIA L4, 0 %, 0 %, 2406 MiB, 23034 MiB, 27.83 W
2026/04/15 03:12:48.105, NVIDIA L4, 0 %, 0 %, 2406 MiB, 23034 MiB, 27.83 W
2026/04/15 03:12:48.305, NVIDIA L4, 0 %, 0 %, 2406 MiB, 23034 MiB, 28.04 W
2026/04/15 03:12:48.505, NVIDIA L4, 29 %, 2 %, 2406 MiB, 23034 MiB, 28.11 W
2026/04/15 03:12:48.705, NVIDIA L4, 27 %, 2 %, 2406 MiB, 23034 MiB, 28.60 W
2026/04/15 03:12:48.905, NVIDIA L4, 29 %, 2 %, 2406 MiB, 23034 MiB, 28.71 W
2026/04/15 03:12:49.106, NVIDIA L4, 28 %, 2 %, 2406 MiB, 23034 MiB, 28.70 W
2026/04/15 03:12:49.306, NVIDIA L4, 0 %, 0 %, 2406 MiB, 23034 MiB, 28.62 W
2026/04/15 03:12:49.506, NVIDIA L4, 0 %, 0 %, 2406 MiB, 23034 MiB, 28.64 W
2026/04/15 03:12:49.706, NVIDIA L4, 0 %, 0 %, 2406 MiB, 23034 MiB, 28.44 W
2026/04/15 03:12:49.907, NVIDIA L4, 0 %, 0 %, 2406 MiB, 23034 MiB, 28.22 W
2026/04/15 03:12:50.107, NVIDIA L4, 0 %, 0 %, 2406 MiB, 23034 MiB, 28.11 W
2026/04/15 03:12:50.307, NVIDIA L4, 0 %, 0 %, 2406 MiB, 23034 MiB, 28.11 W
2026/04/15 03:12:50.507, NVIDIA L4, 0 %, 0 %, 2406 MiB, 23034 MiB, 28.11 W
2026/04/15 03:12:50.708, NVIDIA L4, 0 %, 0 %, 2406 MiB, 23034 MiB, 28.11 W
2026/04/15 03:12:50.908, NVIDIA L4, 0 %, 0 %, 2406 MiB, 23034 MiB, 28.11 W
2026/04/15 03:12:51.108, NVIDIA L4, 0 %, 0 %, 2406 MiB, 23034 MiB, 27.90 W
2026/04/15 03:12:51.308, NVIDIA L4, 0 %, 0 %, 2406 MiB, 23034 MiB, 27.90 W
2026/04/15 03:12:51.509, NVIDIA L4, 0 %, 0 %, 2406 MiB, 23034 MiB, 27.90 W
2026/04/15 03:12:51.709, NVIDIA L4, 0 %, 0 %, 2406 MiB, 23034 MiB, 27.90 W
2026/04/15 03:12:51.909, NVIDIA L4, 0 %, 0 %, 2406 MiB, 23034 MiB, 27.90 W
2026/04/15 03:12:52.109, NVIDIA L4, 0 %, 0 %, 2406 MiB, 23034 MiB, 27.88 W
2026/04/15 03:12:52.309, NVIDIA L4, 0 %, 0 %, 2406 MiB, 23034 MiB, 27.88 W
2026/04/15 03:12:52.510, NVIDIA L4, 0 %, 0 %, 2406 MiB, 23034 MiB, 27.88 W
2026/04/15 03:12:52.710, NVIDIA L4, 0 %, 0 %, 2406 MiB, 23034 MiB, 27.88 W
2026/04/15 03:12:52.910, NVIDIA L4, 0 %, 0 %, 2406 MiB, 23034 MiB, 27.88 W
2026/04/15 03:12:53.110, NVIDIA L4, 0 %, 0 %, 2406 MiB, 23034 MiB, 27.88 W
2026/04/15 03:12:53.311, NVIDIA L4, 0 %, 0 %, 2406 MiB, 23034 MiB, 27.88 W
2026/04/15 03:12:53.511, NVIDIA L4, 0 %, 0 %, 2406 MiB, 23034 MiB, 27.88 W
2026/04/15 03:12:53.711, NVIDIA L4, 0 %, 0 %, 2406 MiB, 23034 MiB, 27.88 W
2026/04/15 03:12:53.911, NVIDIA L4, 0 %, 0 %, 2406 MiB, 23034 MiB, 27.88 W
2026/04/15 03:12:54.111, NVIDIA L4, 0 %, 0 %, 2406 MiB, 23034 MiB, 27.93 W
2026/04/15 03:12:54.312, NVIDIA L4, 0 %, 0 %, 2406 MiB, 23034 MiB, 27.93 W
2026/04/15 03:12:54.512, NVIDIA L4, 0 %, 0 %, 2406 MiB, 23034 MiB, 27.93 W
2026/04/15 03:12:54.712, NVIDIA L4, 0 %, 0 %, 2406 MiB, 23034 MiB, 27.93 W
2026/04/15 03:12:54.912, NVIDIA L4, 0 %, 0 %, 2406 MiB, 23034 MiB, 27.93 W
2026/04/15 03:12:55.113, NVIDIA L4, 0 %, 0 %, 2406 MiB, 23034 MiB, 27.93 W
2026/04/15 03:12:55.313, NVIDIA L4, 0 %, 0 %, 2406 MiB, 23034 MiB, 27.93 W
2026/04/15 03:12:55.513, NVIDIA L4, 0 %, 0 %, 2406 MiB, 23034 MiB, 27.93 W
2026/04/15 03:12:55.713, NVIDIA L4, 0 %, 0 %, 2406 MiB, 23034 MiB, 27.93 W
2026/04/15 03:12:55.913, NVIDIA L4, 0 %, 0 %, 2406 MiB, 23034 MiB, 27.93 W
2026/04/15 03:12:56.114, NVIDIA L4, 0 %, 0 %, 2406 MiB, 23034 MiB, 27.88 W
2026/04/15 03:12:56.314, NVIDIA L4, 0 %, 0 %, 2406 MiB, 23034 MiB, 27.88 W
2026/04/15 03:12:56.514, NVIDIA L4, 0 %, 0 %, 2406 MiB, 23034 MiB, 27.88 W
2026/04/15 03:12:56.714, NVIDIA L4, 0 %, 0 %, 2406 MiB, 23034 MiB, 27.88 W
2026/04/15 03:12:56.915, NVIDIA L4, 0 %, 0 %, 2406 MiB, 23034 MiB, 27.88 W
2026/04/15 03:12:57.115, NVIDIA L4, 0 %, 0 %, 2406 MiB, 23034 MiB, 27.98 W
2026/04/15 03:12:57.315, NVIDIA L4, 0 %, 0 %, 2406 MiB, 23034 MiB, 27.98 W
2026/04/15 03:12:57.515, NVIDIA L4, 0 %, 0 %, 2406 MiB, 23034 MiB, 28.08 W
2026/04/15 03:12:57.715, NVIDIA L4, 0 %, 0 %, 2406 MiB, 23034 MiB, 28.08 W
2026/04/15 03:12:57.916, NVIDIA L4, 0 %, 0 %, 2406 MiB, 23034 MiB, 28.07 W
2026/04/15 03:12:58.116, NVIDIA L4, 0 %, 0 %, 2406 MiB, 23034 MiB, 28.08 W
2026/04/15 03:12:58.316, NVIDIA L4, 0 %, 0 %, 2406 MiB, 23034 MiB, 28.08 W
2026/04/15 03:12:58.516, NVIDIA L4, 0 %, 0 %, 2406 MiB, 23034 MiB, 28.07 W
2026/04/15 03:12:58.717, NVIDIA L4, 0 %, 0 %, 2406 MiB, 23034 MiB, 28.09 W
2026/04/15 03:12:58.917, NVIDIA L4, 0 %, 0 %, 2454 MiB, 23034 MiB, 28.09 W
2026/04/15 03:12:59.117, NVIDIA L4, 70 %, 86 %, 2454 MiB, 23034 MiB, 31.44 W
2026/04/15 03:12:59.317, NVIDIA L4, 0 %, 0 %, 2454 MiB, 23034 MiB, 31.45 W
2026/04/15 03:12:59.517, NVIDIA L4, 0 %, 0 %, 2502 MiB, 23034 MiB, 31.46 W
2026/04/15 03:12:59.718, NVIDIA L4, 61 %, 74 %, 2502 MiB, 23034 MiB, 35.00 W
2026/04/15 03:12:59.918, NVIDIA L4, 0 %, 0 %, 2502 MiB, 23034 MiB, 35.00 W
2026/04/15 03:13:00.118, NVIDIA L4, 0 %, 0 %, 2502 MiB, 23034 MiB, 32.21 W
2026/04/15 03:13:00.318, NVIDIA L4, 0 %, 0 %, 2502 MiB, 23034 MiB, 31.65 W
2026/04/15 03:13:00.518, NVIDIA L4, 97 %, 100 %, 2502 MiB, 23034 MiB, 38.22 W
2026/04/15 03:13:00.719, NVIDIA L4, 0 %, 0 %, 2502 MiB, 23034 MiB, 35.08 W
2026/04/15 03:13:00.919, NVIDIA L4, 0 %, 0 %, 2502 MiB, 23034 MiB, 34.78 W
2026/04/15 03:13:01.119, NVIDIA L4, 0 %, 0 %, 2502 MiB, 23034 MiB, 34.79 W
2026/04/15 03:13:01.319, NVIDIA L4, 0 %, 0 %, 2502 MiB, 23034 MiB, 34.79 W
2026/04/15 03:13:01.520, NVIDIA L4, 13 %, 16 %, 2628 MiB, 23034 MiB, 33.24 W
2026/04/15 03:13:01.720, NVIDIA L4, 0 %, 0 %, 2628 MiB, 23034 MiB, 30.91 W
2026/04/15 03:13:01.920, NVIDIA L4, 0 %, 0 %, 2628 MiB, 23034 MiB, 30.89 W
2026/04/15 03:13:02.120, NVIDIA L4, 0 %, 0 %, 2628 MiB, 23034 MiB, 30.91 W
2026/04/15 03:13:02.320, NVIDIA L4, 0 %, 0 %, 2628 MiB, 23034 MiB, 30.92 W
2026/04/15 03:13:02.520, NVIDIA L4, 0 %, 0 %, 2628 MiB, 23034 MiB, 30.91 W
2026/04/15 03:13:02.721, NVIDIA L4, 0 %, 0 %, 2628 MiB, 23034 MiB, 30.91 W
2026/04/15 03:13:02.921, NVIDIA L4, 0 %, 0 %, 2628 MiB, 23034 MiB, 30.91 W
2026/04/15 03:13:03.121, NVIDIA L4, 0 %, 0 %, 2628 MiB, 23034 MiB, 27.92 W
2026/04/15 03:13:03.321, NVIDIA L4, 0 %, 0 %, 2628 MiB, 23034 MiB, 27.92 W
2026/04/15 03:13:03.522, NVIDIA L4, 0 %, 0 %, 2628 MiB, 23034 MiB, 27.93 W
2026/04/15 03:13:03.722, NVIDIA L4, 0 %, 0 %, 2628 MiB, 23034 MiB, 27.96 W
2026/04/15 03:13:03.922, NVIDIA L4, 0 %, 0 %, 2628 MiB, 23034 MiB, 27.99 W
2026/04/15 03:13:04.122, NVIDIA L4, 0 %, 0 %, 2628 MiB, 23034 MiB, 28.02 W
2026/04/15 03:13:04.322, NVIDIA L4, 96 %, 100 %, 2628 MiB, 23034 MiB, 34.63 W
2026/04/15 03:13:04.523, NVIDIA L4, 0 %, 0 %, 2628 MiB, 23034 MiB, 34.69 W
2026/04/15 03:13:04.723, NVIDIA L4, 0 %, 0 %, 2628 MiB, 23034 MiB, 34.68 W
2026/04/15 03:13:04.923, NVIDIA L4, 0 %, 0 %, 2628 MiB, 23034 MiB, 34.70 W
2026/04/15 03:13:05.123, NVIDIA L4, 0 %, 0 %, 2628 MiB, 23034 MiB, 34.68 W
2026/04/15 03:13:05.324, NVIDIA L4, 0 %, 0 %, 2628 MiB, 23034 MiB, 31.42 W
2026/04/15 03:13:05.524, NVIDIA L4, 0 %, 0 %, 2628 MiB, 23034 MiB, 31.42 W
2026/04/15 03:13:05.724, NVIDIA L4, 0 %, 0 %, 2628 MiB, 23034 MiB, 31.42 W
2026/04/15 03:13:05.924, NVIDIA L4, 0 %, 0 %, 2628 MiB, 23034 MiB, 31.42 W
2026/04/15 03:13:06.124, NVIDIA L4, 96 %, 100 %, 2628 MiB, 23034 MiB, 36.81 W
2026/04/15 03:13:06.325, NVIDIA L4, 0 %, 0 %, 2628 MiB, 23034 MiB, 38.81 W
2026/04/15 03:13:06.525, NVIDIA L4, 0 %, 0 %, 2628 MiB, 23034 MiB, 37.93 W
2026/04/15 03:13:06.725, NVIDIA L4, 0 %, 0 %, 2628 MiB, 23034 MiB, 36.54 W
2026/04/15 03:13:06.925, NVIDIA L4, 0 %, 0 %, 2628 MiB, 23034 MiB, 35.50 W
2026/04/15 03:13:07.126, NVIDIA L4, 0 %, 0 %, 2628 MiB, 23034 MiB, 31.46 W
2026/04/15 03:13:07.326, NVIDIA L4, 0 %, 0 %, 2628 MiB, 23034 MiB, 31.46 W
2026/04/15 03:13:07.526, NVIDIA L4, 0 %, 0 %, 2628 MiB, 23034 MiB, 31.46 W
2026/04/15 03:13:07.726, NVIDIA L4, 0 %, 0 %, 2628 MiB, 23034 MiB, 31.46 W
2026/04/15 03:13:07.927, NVIDIA L4, 0 %, 0 %, 2628 MiB, 23034 MiB, 31.46 W
2026/04/15 03:13:08.127, NVIDIA L4, 0 %, 0 %, 2628 MiB, 23034 MiB, 28.18 W
2026/04/15 03:13:08.327, NVIDIA L4, 1 %, 0 %, 2644 MiB, 23034 MiB, 28.17 W
2026/04/15 03:13:08.527, NVIDIA L4, 55 %, 67 %, 2644 MiB, 23034 MiB, 30.74 W
2026/04/15 03:13:08.727, NVIDIA L4, 98 %, 100 %, 2644 MiB, 23034 MiB, 35.32 W
2026/04/15 03:13:08.928, NVIDIA L4, 29 %, 14 %, 2646 MiB, 23034 MiB, 38.32 W
2026/04/15 03:13:09.128, NVIDIA L4, 0 %, 0 %, 2646 MiB, 23034 MiB, 37.32 W
2026/04/15 03:13:09.328, NVIDIA L4, 0 %, 0 %, 2646 MiB, 23034 MiB, 45.97 W
2026/04/15 03:13:09.529, NVIDIA L4, 0 %, 0 %, 2646 MiB, 23034 MiB, 44.84 W
2026/04/15 03:13:09.729, NVIDIA L4, 0 %, 0 %, 2646 MiB, 23034 MiB, 37.89 W
2026/04/15 03:13:09.929, NVIDIA L4, 0 %, 0 %, 2646 MiB, 23034 MiB, 34.50 W
2026/04/15 03:13:10.129, NVIDIA L4, 0 %, 0 %, 2646 MiB, 23034 MiB, 34.50 W
2026/04/15 03:13:10.329, NVIDIA L4, 0 %, 0 %, 2646 MiB, 23034 MiB, 34.50 W
2026/04/15 03:13:10.530, NVIDIA L4, 0 %, 0 %, 2646 MiB, 23034 MiB, 34.50 W
2026/04/15 03:13:10.730, NVIDIA L4, 0 %, 0 %, 2646 MiB, 23034 MiB, 34.50 W
2026/04/15 03:13:10.930, NVIDIA L4, 0 %, 0 %, 2646 MiB, 23034 MiB, 28.28 W
2026/04/15 03:13:11.130, NVIDIA L4, 0 %, 0 %, 2646 MiB, 23034 MiB, 28.28 W
2026/04/15 03:13:11.331, NVIDIA L4, 0 %, 0 %, 2646 MiB, 23034 MiB, 28.28 W
2026/04/15 03:13:11.531, NVIDIA L4, 0 %, 0 %, 2646 MiB, 23034 MiB, 28.28 W
2026/04/15 03:13:11.731, NVIDIA L4, 0 %, 0 %, 2646 MiB, 23034 MiB, 28.28 W
2026/04/15 03:13:11.931, NVIDIA L4, 0 %, 0 %, 2646 MiB, 23034 MiB, 28.28 W
2026/04/15 03:13:12.131, NVIDIA L4, 0 %, 0 %, 2646 MiB, 23034 MiB, 28.28 W
2026/04/15 03:13:12.332, NVIDIA L4, 0 %, 0 %, 2646 MiB, 23034 MiB, 28.28 W
2026/04/15 03:13:12.532, NVIDIA L4, 0 %, 0 %, 2646 MiB, 23034 MiB, 28.28 W
2026/04/15 03:13:12.732, NVIDIA L4, 0 %, 0 %, 2646 MiB, 23034 MiB, 28.28 W
2026/04/15 03:13:12.932, NVIDIA L4, 0 %, 0 %, 2646 MiB, 23034 MiB, 28.28 W
2026/04/15 03:13:13.132, NVIDIA L4, 0 %, 0 %, 2646 MiB, 23034 MiB, 28.28 W
2026/04/15 03:13:13.333, NVIDIA L4, 0 %, 0 %, 2646 MiB, 23034 MiB, 28.28 W
2026/04/15 03:13:13.533, NVIDIA L4, 0 %, 0 %, 2646 MiB, 23034 MiB, 28.28 W
2026/04/15 03:13:13.733, NVIDIA L4, 0 %, 0 %, 2646 MiB, 23034 MiB, 28.28 W
2026/04/15 03:13:13.933, NVIDIA L4, 0 %, 0 %, 2646 MiB, 23034 MiB, 28.27 W
2026/04/15 03:13:14.134, NVIDIA L4, 0 %, 0 %, 2646 MiB, 23034 MiB, 28.27 W
2026/04/15 03:13:14.334, NVIDIA L4, 0 %, 0 %, 2646 MiB, 23034 MiB, 28.27 W
2026/04/15 03:13:14.534, NVIDIA L4, 0 %, 0 %, 2646 MiB, 23034 MiB, 28.27 W
2026/04/15 03:13:14.734, NVIDIA L4, 0 %, 0 %, 2646 MiB, 23034 MiB, 28.27 W
2026/04/15 03:13:14.935, NVIDIA L4, 0 %, 0 %, 2646 MiB, 23034 MiB, 28.23 W
2026/04/15 03:13:15.135, NVIDIA L4, 0 %, 0 %, 2646 MiB, 23034 MiB, 28.23 W
2026/04/15 03:13:15.335, NVIDIA L4, 0 %, 0 %, 2646 MiB, 23034 MiB, 28.23 W
2026/04/15 03:13:15.536, NVIDIA L4, 0 %, 0 %, 2646 MiB, 23034 MiB, 28.23 W
2026/04/15 03:13:15.736, NVIDIA L4, 0 %, 0 %, 2646 MiB, 23034 MiB, 28.23 W
2026/04/15 03:13:15.936, NVIDIA L4, 0 %, 0 %, 2646 MiB, 23034 MiB, 28.18 W
2026/04/15 03:13:16.136, NVIDIA L4, 0 %, 0 %, 2646 MiB, 23034 MiB, 28.18 W
2026/04/15 03:13:16.338, NVIDIA L4, 0 %, 0 %, 2646 MiB, 23034 MiB, 28.18 W
2026/04/15 03:13:16.538, NVIDIA L4, 0 %, 0 %, 2646 MiB, 23034 MiB, 28.18 W
2026/04/15 03:13:16.738, NVIDIA L4, 0 %, 0 %, 2646 MiB, 23034 MiB, 28.18 W
2026/04/15 03:13:16.939, NVIDIA L4, 0 %, 0 %, 2646 MiB, 23034 MiB, 28.18 W
2026/04/15 03:13:17.139, NVIDIA L4, 0 %, 0 %, 2646 MiB, 23034 MiB, 28.18 W
2026/04/15 03:13:17.339, NVIDIA L4, 0 %, 0 %, 2646 MiB, 23034 MiB, 28.18 W
2026/04/15 03:13:17.539, NVIDIA L4, 0 %, 0 %, 2646 MiB, 23034 MiB, 28.18 W
2026/04/15 03:13:17.740, NVIDIA L4, 0 %, 0 %, 2646 MiB, 23034 MiB, 28.28 W
2026/04/15 03:13:17.940, NVIDIA L4, 0 %, 0 %, 2646 MiB, 23034 MiB, 29.15 W
2026/04/15 03:13:18.140, NVIDIA L4, 0 %, 0 %, 2646 MiB, 23034 MiB, 29.03 W
2026/04/15 03:13:18.340, NVIDIA L4, 0 %, 0 %, 2646 MiB, 23034 MiB, 28.96 W
2026/04/15 03:13:18.541, NVIDIA L4, 0 %, 0 %, 2646 MiB, 23034 MiB, 28.88 W
2026/04/15 03:13:18.741, NVIDIA L4, 0 %, 0 %, 2720 MiB, 23034 MiB, 29.76 W
2026/04/15 03:13:18.941, NVIDIA L4, 26 %, 21 %, 2724 MiB, 23034 MiB, 30.57 W
2026/04/15 03:13:19.141, NVIDIA L4, 0 %, 0 %, 2724 MiB, 23034 MiB, 30.35 W
2026/04/15 03:13:19.341, NVIDIA L4, 0 %, 0 %, 2724 MiB, 23034 MiB, 30.36 W
2026/04/15 03:13:19.542, NVIDIA L4, 0 %, 0 %, 2674 MiB, 23034 MiB, 30.36 W
2026/04/15 03:13:19.742, NVIDIA L4, 1 %, 0 %, 2674 MiB, 23034 MiB, 30.38 W
2026/04/15 03:13:19.942, NVIDIA L4, 0 %, 0 %, 20544 MiB, 23034 MiB, 31.17 W
2026/04/15 03:13:20.142, NVIDIA L4, 45 %, 55 %, 20544 MiB, 23034 MiB, 31.25 W
2026/04/15 03:13:20.343, NVIDIA L4, 0 %, 0 %, 20610 MiB, 23034 MiB, 36.34 W
2026/04/15 03:13:20.543, NVIDIA L4, 45 %, 33 %, 20646 MiB, 23034 MiB, 39.80 W
2026/04/15 03:13:20.743, NVIDIA L4, 41 %, 35 %, 20668 MiB, 23034 MiB, 42.93 W
2026/04/15 03:13:20.943, NVIDIA L4, 38 %, 36 %, 20678 MiB, 23034 MiB, 45.12 W
2026/04/15 03:13:21.143, NVIDIA L4, 39 %, 38 %, 20702 MiB, 23034 MiB, 47.09 W
2026/04/15 03:13:21.344, NVIDIA L4, 33 %, 33 %, 20722 MiB, 23034 MiB, 53.98 W
2026/04/15 03:13:21.544, NVIDIA L4, 29 %, 31 %, 20750 MiB, 23034 MiB, 50.49 W
2026/04/15 03:13:21.744, NVIDIA L4, 30 %, 33 %, 20774 MiB, 23034 MiB, 52.27 W
2026/04/15 03:13:21.944, NVIDIA L4, 25 %, 28 %, 20792 MiB, 23034 MiB, 52.07 W
2026/04/15 03:13:22.145, NVIDIA L4, 21 %, 20 %, 20808 MiB, 23034 MiB, 52.73 W
2026/04/15 03:13:22.345, NVIDIA L4, 46 %, 39 %, 20824 MiB, 23034 MiB, 51.11 W
2026/04/15 03:13:22.545, NVIDIA L4, 39 %, 35 %, 20846 MiB, 23034 MiB, 52.74 W
2026/04/15 03:13:22.745, NVIDIA L4, 32 %, 31 %, 20870 MiB, 23034 MiB, 51.92 W
2026/04/15 03:13:22.945, NVIDIA L4, 32 %, 33 %, 20886 MiB, 23034 MiB, 50.55 W
2026/04/15 03:13:23.145, NVIDIA L4, 29 %, 31 %, 20900 MiB, 23034 MiB, 49.32 W
2026/04/15 03:13:23.346, NVIDIA L4, 0 %, 0 %, 20900 MiB, 23034 MiB, 45.64 W
2026/04/15 03:13:23.546, NVIDIA L4, 0 %, 0 %, 20970 MiB, 23034 MiB, 39.48 W
2026/04/15 03:13:23.746, NVIDIA L4, 0 %, 0 %, 20970 MiB, 23034 MiB, 34.32 W
2026/04/15 03:13:23.946, NVIDIA L4, 0 %, 0 %, 20970 MiB, 23034 MiB, 32.10 W
2026/04/15 03:13:24.147, NVIDIA L4, 0 %, 0 %, 20970 MiB, 23034 MiB, 28.89 W
2026/04/15 03:13:24.347, NVIDIA L4, 0 %, 0 %, 20970 MiB, 23034 MiB, 28.74 W
2026/04/15 03:13:24.547, NVIDIA L4, 0 %, 0 %, 20970 MiB, 23034 MiB, 28.74 W
2026/04/15 03:13:24.747, NVIDIA L4, 0 %, 0 %, 20970 MiB, 23034 MiB, 28.74 W
2026/04/15 03:13:24.947, NVIDIA L4, 0 %, 0 %, 20970 MiB, 23034 MiB, 28.74 W
2026/04/15 03:13:25.148, NVIDIA L4, 0 %, 0 %, 20970 MiB, 23034 MiB, 28.74 W
2026/04/15 03:13:25.348, NVIDIA L4, 0 %, 0 %, 20970 MiB, 23034 MiB, 28.74 W
2026/04/15 03:13:25.548, NVIDIA L4, 0 %, 0 %, 20970 MiB, 23034 MiB, 28.50 W
2026/04/15 03:13:25.748, NVIDIA L4, 0 %, 0 %, 20970 MiB, 23034 MiB, 28.50 W
2026/04/15 03:13:25.949, NVIDIA L4, 0 %, 0 %, 20970 MiB, 23034 MiB, 28.50 W
2026/04/15 03:13:26.149, NVIDIA L4, 0 %, 0 %, 20970 MiB, 23034 MiB, 28.53 W
2026/04/15 03:13:26.349, NVIDIA L4, 0 %, 0 %, 20970 MiB, 23034 MiB, 28.54 W
2026/04/15 03:13:26.549, NVIDIA L4, 0 %, 0 %, 20972 MiB, 23034 MiB, 28.62 W
2026/04/15 03:13:26.749, NVIDIA L4, 0 %, 0 %, 20972 MiB, 23034 MiB, 28.60 W
2026/04/15 03:13:26.950, NVIDIA L4, 2 %, 2 %, 20972 MiB, 23034 MiB, 28.60 W
2026/04/15 03:13:27.150, NVIDIA L4, 0 %, 0 %, 20972 MiB, 23034 MiB, 28.59 W
2026/04/15 03:13:27.350, NVIDIA L4, 0 %, 0 %, 0 MiB, 23034 MiB, 28.74 W
2026/04/15 03:13:27.559, NVIDIA L4, 62 %, 15 %, 0 MiB, 23034 MiB, 30.51 W
2026/04/15 03:13:27.759, NVIDIA L4, 100 %, 24 %, 0 MiB, 23034 MiB, 32.22 W
2026/04/15 03:13:27.959, NVIDIA L4, 92 %, 22 %, 0 MiB, 23034 MiB, 32.94 W
2026/04/15 03:13:28.160, NVIDIA L4, 0 %, 0 %, 0 MiB, 23034 MiB, 32.91 W
2026/04/15 03:13:28.360, NVIDIA L4, 0 %, 0 %, 0 MiB, 23034 MiB, 32.74 W
2026/04/15 03:13:28.560, NVIDIA L4, 0 %, 0 %, 0 MiB, 23034 MiB, 31.83 W
2026/04/15 03:13:28.760, NVIDIA L4, 0 %, 0 %, 0 MiB, 23034 MiB, 30.05 W
2026/04/15 03:13:28.961, NVIDIA L4, 0 %, 0 %, 0 MiB, 23034 MiB, 30.05 W
2026/04/15 03:13:29.161, NVIDIA L4, 0 %, 0 %, 0 MiB, 23034 MiB, 30.05 W
2026/04/15 03:13:29.361, NVIDIA L4, 0 %, 0 %, 0 MiB, 23034 MiB, 30.05 W
2026/04/15 03:13:29.561, NVIDIA L4, 0 %, 0 %, 0 MiB, 23034 MiB, 30.05 W
2026/04/15 03:13:29.761, NVIDIA L4, 0 %, 0 %, 0 MiB, 23034 MiB, 21.72 W
2026/04/15 03:13:29.962, NVIDIA L4, 0 %, 0 %, 0 MiB, 23034 MiB, 21.72 W
2026/04/15 03:13:30.162, NVIDIA L4, 0 %, 0 %, 0 MiB, 23034 MiB, 21.72 W
2026/04/15 03:13:30.362, NVIDIA L4, 0 %, 0 %, 0 MiB, 23034 MiB, 21.72 W
2026/04/15 03:13:30.562, NVIDIA L4, 0 %, 0 %, 0 MiB, 23034 MiB, 21.72 W
2026/04/15 03:13:30.763, NVIDIA L4, 0 %, 0 %, 0 MiB, 23034 MiB, 21.02 W
2026/04/15 03:13:30.963, NVIDIA L4, 0 %, 0 %, 0 MiB, 23034 MiB, 21.02 W
2026/04/15 03:13:31.163, NVIDIA L4, 0 %, 0 %, 0 MiB, 23034 MiB, 21.02 W
2026/04/15 03:13:31.363, NVIDIA L4, 0 %, 0 %, 0 MiB, 23034 MiB, 21.02 W
2026/04/15 03:13:31.564, NVIDIA L4, 0 %, 0 %, 0 MiB, 23034 MiB, 21.02 W
2026/04/15 03:13:31.764, NVIDIA L4, 0 %, 0 %, 0 MiB, 23034 MiB, 20.92 W
2026/04/15 03:13:31.964, NVIDIA L4, 0 %, 0 %, 0 MiB, 23034 MiB, 20.92 W
2026/04/15 03:13:32.164, NVIDIA L4, 0 %, 0 %, 0 MiB, 23034 MiB, 20.92 W
2026/04/15 03:13:32.365, NVIDIA L4, 0 %, 0 %, 0 MiB, 23034 MiB, 20.92 W
2026/04/15 03:13:32.565, NVIDIA L4, 0 %, 0 %, 0 MiB, 23034 MiB, 20.92 W
2026/04/15 03:13:32.765, NVIDIA L4, 0 %, 0 %, 0 MiB, 23034 MiB, 20.87 W
2026/04/15 03:13:32.965, NVIDIA L4, 0 %, 0 %, 0 MiB, 23034 MiB, 20.87 W
2026/04/15 03:13:33.166, NVIDIA L4, 0 %, 0 %, 0 MiB, 23034 MiB, 20.87 W
2026/04/15 03:13:33.366, NVIDIA L4, 0 %, 0 %, 0 MiB, 23034 MiB, 20.87 W
2026/04/15 03:13:33.566, NVIDIA L4, 0 %, 0 %, 0 MiB, 23034 MiB, 20.87 W
2026/04/15 03:13:33.766, NVIDIA L4, 0 %, 0 %, 0 MiB, 23034 MiB, 20.87 W
2026/04/15 03:13:33.967, NVIDIA L4, 0 %, 0 %, 0 MiB, 23034 MiB, 20.87 W
2026/04/15 03:13:34.167, NVIDIA L4, 0 %, 0 %, 0 MiB, 23034 MiB, 20.87 W
2026/04/15 03:13:34.367, NVIDIA L4, 0 %, 0 %, 0 MiB, 23034 MiB, 20.87 W
2026/04/15 03:13:34.567, NVIDIA L4, 0 %, 0 %, 0 MiB, 23034 MiB, 20.87 W
2026/04/15 03:13:34.768, NVIDIA L4, 0 %, 0 %, 0 MiB, 23034 MiB, 20.87 W
2026/04/15 03:13:34.968, NVIDIA L4, 0 %, 0 %, 0 MiB, 23034 MiB, 20.87 W
2026/04/15 03:13:35.168, NVIDIA L4, 0 %, 0 %, 0 MiB, 23034 MiB, 20.87 W
2026/04/15 03:13:35.369, NVIDIA L4, 0 %, 0 %, 0 MiB, 23034 MiB, 20.87 W
2026/04/15 03:13:35.569, NVIDIA L4, 0 %, 0 %, 0 MiB, 23034 MiB, 20.87 W
2026/04/15 03:13:35.769, NVIDIA L4, 0 %, 0 %, 0 MiB, 23034 MiB, 18.94 W
2026/04/15 03:13:35.969, NVIDIA L4, 0 %, 0 %, 0 MiB, 23034 MiB, 18.94 W
2026/04/15 03:13:36.170, NVIDIA L4, 0 %, 0 %, 0 MiB, 23034 MiB, 18.94 W
2026/04/15 03:13:36.370, NVIDIA L4, 0 %, 0 %, 0 MiB, 23034 MiB, 18.94 W
2026/04/15 03:13:36.570, NVIDIA L4, 0 %, 0 %, 0 MiB, 23034 MiB, 18.94 W
2026/04/15 03:13:36.770, NVIDIA L4, 0 %, 0 %, 0 MiB, 23034 MiB, 17.01 W
2026/04/15 03:13:36.971, NVIDIA L4, 0 %, 0 %, 0 MiB, 23034 MiB, 17.01 W
2026/04/15 03:13:37.171, NVIDIA L4, 0 %, 0 %, 0 MiB, 23034 MiB, 17.01 W
2026/04/15 03:13:37.371, NVIDIA L4, 0 %, 0 %, 0 MiB, 23034 MiB, 17.01 W
2026/04/15 03:13:37.571, NVIDIA L4, 0 %, 0 %, 0 MiB, 23034 MiB, 17.01 W
2026/04/15 03:13:37.772, NVIDIA L4, 0 %, 0 %, 0 MiB, 23034 MiB, 17.01 W
2026/04/15 03:13:37.972, NVIDIA L4, 0 %, 0 %, 0 MiB, 23034 MiB, 17.01 W
2026/04/15 03:13:38.172, NVIDIA L4, 0 %, 0 %, 0 MiB, 23034 MiB, 17.01 W
2026/04/15 03:13:38.372, NVIDIA L4, 0 %, 0 %, 0 MiB, 23034 MiB, 17.01 W
2026/04/15 03:13:38.573, NVIDIA L4, 0 %, 0 %, 0 MiB, 23034 MiB, 17.01 W
2026/04/15 03:13:38.773, NVIDIA L4, 0 %, 0 %, 0 MiB, 23034 MiB, 17.01 W
2026/04/15 03:13:38.973, NVIDIA L4, 0 %, 0 %, 0 MiB, 23034 MiB, 17.01 W
2026/04/15 03:13:39.173, NVIDIA L4, 0 %, 0 %, 0 MiB, 23034 MiB, 17.01 W
2026/04/15 03:13:39.374, NVIDIA L4, 0 %, 0 %, 0 MiB, 23034 MiB, 17.01 W
2026/04/15 03:13:39.574, NVIDIA L4, 0 %, 0 %, 0 MiB, 23034 MiB, 17.01 W
2026/04/15 03:13:39.774, NVIDIA L4, 0 %, 0 %, 0 MiB, 23034 MiB, 17.01 W
2026/04/15 03:13:39.974, NVIDIA L4, 0 %, 0 %, 0 MiB, 23034 MiB, 17.01 W
2026/04/15 03:13:40.175, NVIDIA L4, 0 %, 0 %, 0 MiB, 23034 MiB, 17.01 W
2026/04/15 03:13:40.375, NVIDIA L4, 0 %, 0 %, 0 MiB, 23034 MiB, 17.01 W
2026/04/15 03:13:40.575, NVIDIA L4, 0 %, 0 %, 0 MiB, 23034 MiB, 17.01 W
2026/04/15 03:13:40.776, NVIDIA L4, 0 %, 0 %, 0 MiB, 23034 MiB, 17.01 W
2026/04/15 03:13:40.976, NVIDIA L4, 0 %, 0 %, 0 MiB, 23034 MiB, 17.01 W
2026/04/15 03:13:41.176, NVIDIA L4, 0 %, 0 %, 0 MiB, 23034 MiB, 17.01 W
2026/04/15 03:13:41.376, NVIDIA L4, 0 %, 0 %, 0 MiB, 23034 MiB, 17.01 W
2026/04/15 03:13:41.576, NVIDIA L4, 0 %, 0 %, 0 MiB, 23034 MiB, 17.01 W
2026/04/15 03:13:41.777, NVIDIA L4, 0 %, 0 %, 0 MiB, 23034 MiB, 17.01 W
2026/04/15 03:13:41.977, NVIDIA L4, 0 %, 0 %, 0 MiB, 23034 MiB, 17.01 W
2026/04/15 03:13:42.177, NVIDIA L4, 0 %, 0 %, 0 MiB, 23034 MiB, 17.01 W
2026/04/15 03:13:42.378, NVIDIA L4, 0 %, 0 %, 0 MiB, 23034 MiB, 17.01 W
2026/04/15 03:13:42.578, NVIDIA L4, 0 %, 0 %, 0 MiB, 23034 MiB, 17.01 W
2026/04/15 03:13:42.778, NVIDIA L4, 0 %, 0 %, 0 MiB, 23034 MiB, 16.96 W
2026/04/15 03:13:42.978, NVIDIA L4, 0 %, 0 %, 0 MiB, 23034 MiB, 16.96 W
2026/04/15 03:13:43.179, NVIDIA L4, 0 %, 0 %, 0 MiB, 23034 MiB, 16.96 W
2026/04/15 03:13:43.379, NVIDIA L4, 0 %, 0 %, 0 MiB, 23034 MiB, 16.96 W
2026/04/15 03:13:43.579, NVIDIA L4, 0 %, 0 %, 0 MiB, 23034 MiB, 16.96 W
2026/04/15 03:13:43.779, NVIDIA L4, 0 %, 0 %, 0 MiB, 23034 MiB, 16.91 W
2026/04/15 03:13:43.980, NVIDIA L4, 0 %, 0 %, 0 MiB, 23034 MiB, 16.91 W
2026/04/15 03:13:44.180, NVIDIA L4, 0 %, 0 %, 0 MiB, 23034 MiB, 16.91 W
2026/04/15 03:13:44.380, NVIDIA L4, 0 %, 0 %, 0 MiB, 23034 MiB, 16.91 W
2026/04/15 03:13:44.580, NVIDIA L4, 0 %, 0 %, 0 MiB, 23034 MiB, 16.91 W
2026/04/15 03:13:44.781, NVIDIA L4, 0 %, 0 %, 0 MiB, 23034 MiB, 16.91 W
2026/04/15 03:13:44.981, NVIDIA L4, 0 %, 0 %, 0 MiB, 23034 MiB, 16.91 W
2026/04/15 03:13:45.181, NVIDIA L4, 0 %, 0 %, 0 MiB, 23034 MiB, 16.91 W
2026/04/15 03:13:45.381, NVIDIA L4, 0 %, 0 %, 0 MiB, 23034 MiB, 16.91 W
2026/04/15 03:13:45.582, NVIDIA L4, 0 %, 0 %, 0 MiB, 23034 MiB, 16.91 W
2026/04/15 03:13:45.782, NVIDIA L4, 0 %, 0 %, 0 MiB, 23034 MiB, 16.91 W
2026/04/15 03:13:45.982, NVIDIA L4, 0 %, 0 %, 0 MiB, 23034 MiB, 16.91 W
2026/04/15 03:13:46.183, NVIDIA L4, 0 %, 0 %, 0 MiB, 23034 MiB, 16.91 W
2026/04/15 03:13:46.383, NVIDIA L4, 0 %, 0 %, 0 MiB, 23034 MiB, 16.91 W
2026/04/15 03:13:46.583, NVIDIA L4, 0 %, 0 %, 0 MiB, 23034 MiB, 16.91 W
2026/04/15 03:13:46.783, NVIDIA L4, 0 %, 0 %, 0 MiB, 23034 MiB, 16.91 W
2026/04/15 03:13:46.984, NVIDIA L4, 0 %, 0 %, 0 MiB, 23034 MiB, 16.91 W
2026/04/15 03:13:47.184, NVIDIA L4, 0 %, 0 %, 0 MiB, 23034 MiB, 16.91 W
2026/04/15 03:13:47.384, NVIDIA L4, 0 %, 0 %, 0 MiB, 23034 MiB, 16.91 W
2026/04/15 03:13:47.584, NVIDIA L4, 0 %, 0 %, 0 MiB, 23034 MiB, 16.91 W
2026/04/15 03:13:47.784, NVIDIA L4, 0 %, 0 %, 0 MiB, 23034 MiB, 16.91 W
2026/04/15 03:13:47.985, NVIDIA L4, 0 %, 0 %, 0 MiB, 23034 MiB, 16.91 W
2026/04/15 03:13:48.185, NVIDIA L4, 0 %, 0 %, 0 MiB, 23034 MiB, 16.91 W
2026/04/15 03:13:48.385, NVIDIA L4, 0 %, 0 %, 0 MiB, 23034 MiB, 16.91 W
2026/04/15 03:13:48.586, NVIDIA L4, 0 %, 0 %, 0 MiB, 23034 MiB, 16.91 W
2026/04/15 03:13:48.786, NVIDIA L4, 0 %, 0 %, 0 MiB, 23034 MiB, 16.91 W
2026/04/15 03:13:48.986, NVIDIA L4, 0 %, 0 %, 0 MiB, 23034 MiB, 16.91 W
2026/04/15 03:13:49.186, NVIDIA L4, 0 %, 0 %, 0 MiB, 23034 MiB, 16.91 W
2026/04/15 03:13:49.387, NVIDIA L4, 0 %, 0 %, 0 MiB, 23034 MiB, 16.91 W
2026/04/15 03:13:49.587, NVIDIA L4, 0 %, 0 %, 0 MiB, 23034 MiB, 16.91 W
2026/04/15 03:13:49.787, NVIDIA L4, 0 %, 0 %, 0 MiB, 23034 MiB, 16.91 W
2026/04/15 03:13:49.987, NVIDIA L4, 0 %, 0 %, 0 MiB, 23034 MiB, 16.91 W
2026/04/15 03:13:50.187, NVIDIA L4, 0 %, 0 %, 0 MiB, 23034 MiB, 16.91 W
2026/04/15 03:13:50.388, NVIDIA L4, 0 %, 0 %, 0 MiB, 23034 MiB, 16.91 W
2026/04/15 03:13:50.588, NVIDIA L4, 0 %, 0 %, 0 MiB, 23034 MiB, 16.91 W
2026/04/15 03:13:50.788, NVIDIA L4, 0 %, 0 %, 0 MiB, 23034 MiB, 16.91 W
2026/04/15 03:13:50.988, NVIDIA L4, 0 %, 0 %, 0 MiB, 23034 MiB, 16.91 W
2026/04/15 03:13:51.189, NVIDIA L4, 0 %, 0 %, 0 MiB, 23034 MiB, 16.91 W
2026/04/15 03:13:51.389, NVIDIA L4, 0 %, 0 %, 0 MiB, 23034 MiB, 16.91 W
2026/04/15 03:13:51.590, NVIDIA L4, 0 %, 0 %, 0 MiB, 23034 MiB, 16.91 W
2026/04/15 03:13:51.790, NVIDIA L4, 0 %, 0 %, 0 MiB, 23034 MiB, 16.91 W
2026/04/15 03:13:51.990, NVIDIA L4, 0 %, 0 %, 0 MiB, 23034 MiB, 16.91 W
2026/04/15 03:13:52.190, NVIDIA L4, 0 %, 0 %, 0 MiB, 23034 MiB, 16.91 W
2026/04/15 03:13:52.391, NVIDIA L4, 0 %, 0 %, 0 MiB, 23034 MiB, 16.91 W
2026/04/15 03:13:52.591, NVIDIA L4, 0 %, 0 %, 0 MiB, 23034 MiB, 16.91 W
2026/04/15 03:13:52.791, NVIDIA L4, 0 %, 0 %, 0 MiB, 23034 MiB, 16.91 W
2026/04/15 03:13:52.991, NVIDIA L4, 0 %, 0 %, 0 MiB, 23034 MiB, 16.91 W
2026/04/15 03:13:53.192, NVIDIA L4, 0 %, 0 %, 0 MiB, 23034 MiB, 16.91 W
2026/04/15 03:13:53.392, NVIDIA L4, 0 %, 0 %, 0 MiB, 23034 MiB, 16.91 W
2026/04/15 03:13:53.592, NVIDIA L4, 0 %, 0 %, 0 MiB, 23034 MiB, 16.91 W
2026/04/15 03:13:53.792, NVIDIA L4, 0 %, 0 %, 0 MiB, 23034 MiB, 16.91 W
2026/04/15 03:13:53.993, NVIDIA L4, 0 %, 0 %, 0 MiB, 23034 MiB, 16.91 W
2026/04/15 03:13:54.193, NVIDIA L4, 0 %, 0 %, 0 MiB, 23034 MiB, 16.91 W
2026/04/15 03:13:54.393, NVIDIA L4, 0 %, 0 %, 0 MiB, 23034 MiB, 16.91 W
2026/04/15 03:13:54.593, NVIDIA L4, 0 %, 0 %, 0 MiB, 23034 MiB, 16.91 W
2026/04/15 03:13:54.794, NVIDIA L4, 0 %, 0 %, 0 MiB, 23034 MiB, 16.91 W
2026/04/15 03:13:54.994, NVIDIA L4, 0 %, 0 %, 0 MiB, 23034 MiB, 16.91 W
2026/04/15 03:13:55.194, NVIDIA L4, 0 %, 0 %, 0 MiB, 23034 MiB, 16.91 W
2026/04/15 03:13:55.394, NVIDIA L4, 0 %, 0 %, 0 MiB, 23034 MiB, 16.91 W
2026/04/15 03:13:55.595, NVIDIA L4, 0 %, 0 %, 0 MiB, 23034 MiB, 16.91 W
2026/04/15 03:13:55.795, NVIDIA L4, 0 %, 0 %, 0 MiB, 23034 MiB, 16.91 W
2026/04/15 03:13:55.995, NVIDIA L4, 0 %, 0 %, 0 MiB, 23034 MiB, 16.91 W
2026/04/15 03:13:56.195, NVIDIA L4, 0 %, 0 %, 0 MiB, 23034 MiB, 16.91 W
2026/04/15 03:13:56.396, NVIDIA L4, 0 %, 0 %, 0 MiB, 23034 MiB, 16.91 W
2026/04/15 03:13:56.596, NVIDIA L4, 0 %, 0 %, 0 MiB, 23034 MiB, 16.91 W
2026/04/15 03:13:56.796, NVIDIA L4, 0 %, 0 %, 0 MiB, 23034 MiB, 16.91 W
2026/04/15 03:13:56.996, NVIDIA L4, 0 %, 0 %, 0 MiB, 23034 MiB, 16.91 W
2026/04/15 03:13:57.197, NVIDIA L4, 0 %, 0 %, 0 MiB, 23034 MiB, 16.91 W
2026/04/15 03:13:57.397, NVIDIA L4, 0 %, 0 %, 0 MiB, 23034 MiB, 16.91 W
2026/04/15 03:13:57.597, NVIDIA L4, 0 %, 0 %, 0 MiB, 23034 MiB, 16.91 W
2026/04/15 03:13:57.797, NVIDIA L4, 0 %, 0 %, 0 MiB, 23034 MiB, 16.91 W
2026/04/15 03:13:57.998, NVIDIA L4, 0 %, 0 %, 0 MiB, 23034 MiB, 16.91 W
2026/04/15 03:13:58.198, NVIDIA L4, 0 %, 0 %, 0 MiB, 23034 MiB, 16.91 W
2026/04/15 03:13:58.398, NVIDIA L4, 0 %, 0 %, 0 MiB, 23034 MiB, 16.91 W
2026/04/15 03:13:58.598, NVIDIA L4, 0 %, 0 %, 0 MiB, 23034 MiB, 16.91 W
2026/04/15 03:13:58.799, NVIDIA L4, 0 %, 0 %, 0 MiB, 23034 MiB, 16.91 W
2026/04/15 03:13:58.999, NVIDIA L4, 0 %, 0 %, 0 MiB, 23034 MiB, 16.91 W
2026/04/15 03:13:59.199, NVIDIA L4, 0 %, 0 %, 0 MiB, 23034 MiB, 16.91 W
2026/04/15 03:13:59.399, NVIDIA L4, 0 %, 0 %, 0 MiB, 23034 MiB, 16.91 W
2026/04/15 03:13:59.600, NVIDIA L4, 0 %, 0 %, 0 MiB, 23034 MiB, 16.91 W
2026/04/15 03:13:59.800, NVIDIA L4, 0 %, 0 %, 0 MiB, 23034 MiB, 16.91 W
2026/04/15 03:14:00.000, NVIDIA L4, 0 %, 0 %, 0 MiB, 23034 MiB, 16.91 W
2026/04/15 03:14:00.200, NVIDIA L4, 0 %, 0 %, 0 MiB, 23034 MiB, 16.91 W
2026/04/15 03:14:00.401, NVIDIA L4, 0 %, 0 %, 0 MiB, 23034 MiB, 16.91 W
2026/04/15 03:14:00.601, NVIDIA L4, 0 %, 0 %, 0 MiB, 23034 MiB, 16.91 W
2026/04/15 03:14:00.801, NVIDIA L4, 0 %, 0 %, 0 MiB, 23034 MiB, 16.91 W
2026/04/15 03:14:01.001, NVIDIA L4, 0 %, 0 %, 0 MiB, 23034 MiB, 16.91 W
2026/04/15 03:14:01.202, NVIDIA L4, 0 %, 0 %, 0 MiB, 23034 MiB, 16.91 W
2026/04/15 03:14:01.402, NVIDIA L4, 0 %, 0 %, 0 MiB, 23034 MiB, 16.91 W
2026/04/15 03:14:01.602, NVIDIA L4, 0 %, 0 %, 0 MiB, 23034 MiB, 16.91 W
2026/04/15 03:14:01.802, NVIDIA L4, 0 %, 0 %, 0 MiB, 23034 MiB, 16.91 W
2026/04/15 03:14:02.003, NVIDIA L4, 0 %, 0 %, 0 MiB, 23034 MiB, 16.91 W
2026/04/15 03:14:02.203, NVIDIA L4, 0 %, 0 %, 0 MiB, 23034 MiB, 16.91 W
2026/04/15 03:14:02.403, NVIDIA L4, 0 %, 0 %, 0 MiB, 23034 MiB, 16.91 W
2026/04/15 03:14:02.603, NVIDIA L4, 0 %, 0 %, 0 MiB, 23034 MiB, 16.91 W
2026/04/15 03:14:02.804, NVIDIA L4, 0 %, 0 %, 0 MiB, 23034 MiB, 16.91 W
2026/04/15 03:14:03.004, NVIDIA L4, 0 %, 0 %, 0 MiB, 23034 MiB, 16.91 W
2026/04/15 03:14:03.204, NVIDIA L4, 0 %, 0 %, 0 MiB, 23034 MiB, 16.91 W
2026/04/15 03:14:03.404, NVIDIA L4, 0 %, 0 %, 0 MiB, 23034 MiB, 16.91 W
2026/04/15 03:14:03.605, NVIDIA L4, 0 %, 0 %, 0 MiB, 23034 MiB, 16.91 W
2026/04/15 03:14:03.805, NVIDIA L4, 0 %, 0 %, 0 MiB, 23034 MiB, 16.91 W
2026/04/15 03:14:04.005, NVIDIA L4, 0 %, 0 %, 0 MiB, 23034 MiB, 16.91 W
2026/04/15 03:14:04.205, NVIDIA L4, 0 %, 0 %, 0 MiB, 23034 MiB, 16.91 W
2026/04/15 03:14:04.406, NVIDIA L4, 0 %, 0 %, 0 MiB, 23034 MiB, 16.91 W
2026/04/15 03:14:04.606, NVIDIA L4, 0 %, 0 %, 0 MiB, 23034 MiB, 16.91 W
2026/04/15 03:14:04.806, NVIDIA L4, 0 %, 0 %, 0 MiB, 23034 MiB, 16.91 W
2026/04/15 03:14:05.006, NVIDIA L4, 0 %, 0 %, 0 MiB, 23034 MiB, 16.91 W
2026/04/15 03:14:05.206, NVIDIA L4, 0 %, 0 %, 0 MiB, 23034 MiB, 16.91 W
2026/04/15 03:14:05.407, NVIDIA L4, 0 %, 0 %, 0 MiB, 23034 MiB, 16.91 W
2026/04/15 03:14:05.607, NVIDIA L4, 0 %, 0 %, 0 MiB, 23034 MiB, 16.91 W
2026/04/15 03:14:05.807, NVIDIA L4, 0 %, 0 %, 0 MiB, 23034 MiB, 16.91 W
2026/04/15 03:14:06.007, NVIDIA L4, 0 %, 0 %, 0 MiB, 23034 MiB, 16.91 W
2026/04/15 03:14:06.208, NVIDIA L4, 0 %, 0 %, 0 MiB, 23034 MiB, 16.91 W
2026/04/15 03:14:06.408, NVIDIA L4, 0 %, 0 %, 0 MiB, 23034 MiB, 16.91 W
2026/04/15 03:14:06.608, NVIDIA L4, 0 %, 0 %, 0 MiB, 23034 MiB, 16.91 W
2026/04/15 03:14:06.808, NVIDIA L4, 0 %, 0 %, 0 MiB, 23034 MiB, 16.91 W
2026/04/15 03:14:07.008, NVIDIA L4, 0 %, 0 %, 0 MiB, 23034 MiB, 16.91 W
2026/04/15 03:14:07.209, NVIDIA L4, 0 %, 0 %, 0 MiB, 23034 MiB, 16.91 W
2026/04/15 03:14:07.409, NVIDIA L4, 0 %, 0 %, 0 MiB, 23034 MiB, 16.91 W
2026/04/15 03:14:07.609, NVIDIA L4, 0 %, 0 %, 0 MiB, 23034 MiB, 16.91 W
2026/04/15 03:14:07.809, NVIDIA L4, 0 %, 0 %, 0 MiB, 23034 MiB, 16.91 W
2026/04/15 03:14:08.009, NVIDIA L4, 0 %, 0 %, 0 MiB, 23034 MiB, 16.91 W
2026/04/15 03:14:08.210, NVIDIA L4, 0 %, 0 %, 0 MiB, 23034 MiB, 16.91 W
2026/04/15 03:14:08.410, NVIDIA L4, 0 %, 0 %, 0 MiB, 23034 MiB, 16.91 W
2026/04/15 03:14:08.610, NVIDIA L4, 0 %, 0 %, 0 MiB, 23034 MiB, 16.91 W
2026/04/15 03:14:08.810, NVIDIA L4, 0 %, 0 %, 0 MiB, 23034 MiB, 16.91 W
2026/04/15 03:14:09.011, NVIDIA L4, 0 %, 0 %, 0 MiB, 23034 MiB, 16.91 W
2026/04/15 03:14:09.211, NVIDIA L4, 0 %, 0 %, 0 MiB, 23034 MiB, 16.91 W
2026/04/15 03:14:09.411, NVIDIA L4, 0 %, 0 %, 0 MiB, 23034 MiB, 16.91 W
2026/04/15 03:14:09.611, NVIDIA L4, 0 %, 0 %, 0 MiB, 23034 MiB, 16.91 W
2026/04/15 03:14:09.812, NVIDIA L4, 0 %, 0 %, 0 MiB, 23034 MiB, 16.91 W
2026/04/15 03:14:10.012, NVIDIA L4, 0 %, 0 %, 0 MiB, 23034 MiB, 16.91 W
2026/04/15 03:14:10.212, NVIDIA L4, 0 %, 0 %, 0 MiB, 23034 MiB, 16.91 W
2026/04/15 03:14:10.412, NVIDIA L4, 0 %, 0 %, 3 MiB, 23034 MiB, 16.99 W
2026/04/15 03:14:10.613, NVIDIA L4, 0 %, 0 %, 3 MiB, 23034 MiB, 16.98 W
2026/04/15 03:14:10.813, NVIDIA L4, 0 %, 0 %, 190 MiB, 23034 MiB, 17.66 W
2026/04/15 03:14:11.013, NVIDIA L4, 0 %, 0 %, 262 MiB, 23034 MiB, 20.07 W
2026/04/15 03:14:11.214, NVIDIA L4, 0 %, 0 %, 408 MiB, 23034 MiB, 21.26 W
2026/04/15 03:14:11.414, NVIDIA L4, 0 %, 0 %, 408 MiB, 23034 MiB, 22.16 W
2026/04/15 03:14:11.614, NVIDIA L4, 0 %, 0 %, 408 MiB, 23034 MiB, 26.52 W
2026/04/15 03:14:11.814, NVIDIA L4, 0 %, 0 %, 2406 MiB, 23034 MiB, 28.65 W
2026/04/15 03:14:12.015, NVIDIA L4, 0 %, 0 %, 2406 MiB, 23034 MiB, 28.48 W
2026/04/15 03:14:12.215, NVIDIA L4, 24 %, 1 %, 2406 MiB, 23034 MiB, 28.62 W
2026/04/15 03:14:12.415, NVIDIA L4, 29 %, 2 %, 2406 MiB, 23034 MiB, 28.85 W
2026/04/15 03:14:12.615, NVIDIA L4, 30 %, 2 %, 2406 MiB, 23034 MiB, 29.09 W
2026/04/15 03:14:12.815, NVIDIA L4, 11 %, 1 %, 2406 MiB, 23034 MiB, 29.27 W
2026/04/15 03:14:13.016, NVIDIA L4, 0 %, 0 %, 2406 MiB, 23034 MiB, 29.23 W
2026/04/15 03:14:13.216, NVIDIA L4, 0 %, 0 %, 2406 MiB, 23034 MiB, 29.24 W
2026/04/15 03:14:13.416, NVIDIA L4, 0 %, 0 %, 2406 MiB, 23034 MiB, 28.98 W
2026/04/15 03:14:13.616, NVIDIA L4, 0 %, 0 %, 2406 MiB, 23034 MiB, 28.77 W
2026/04/15 03:14:13.817, NVIDIA L4, 0 %, 0 %, 2406 MiB, 23034 MiB, 28.64 W
2026/04/15 03:14:14.017, NVIDIA L4, 0 %, 0 %, 2406 MiB, 23034 MiB, 28.64 W
2026/04/15 03:14:14.217, NVIDIA L4, 0 %, 0 %, 2406 MiB, 23034 MiB, 28.64 W
2026/04/15 03:14:14.417, NVIDIA L4, 0 %, 0 %, 2406 MiB, 23034 MiB, 28.64 W
2026/04/15 03:14:14.617, NVIDIA L4, 0 %, 0 %, 2406 MiB, 23034 MiB, 28.64 W
2026/04/15 03:14:14.818, NVIDIA L4, 0 %, 0 %, 2406 MiB, 23034 MiB, 28.30 W
2026/04/15 03:14:15.018, NVIDIA L4, 0 %, 0 %, 2406 MiB, 23034 MiB, 28.30 W
2026/04/15 03:14:15.218, NVIDIA L4, 0 %, 0 %, 2406 MiB, 23034 MiB, 28.30 W
2026/04/15 03:14:15.418, NVIDIA L4, 0 %, 0 %, 2406 MiB, 23034 MiB, 28.30 W
2026/04/15 03:14:15.619, NVIDIA L4, 0 %, 0 %, 2406 MiB, 23034 MiB, 28.30 W
2026/04/15 03:14:15.819, NVIDIA L4, 0 %, 0 %, 2406 MiB, 23034 MiB, 28.34 W
2026/04/15 03:14:16.019, NVIDIA L4, 0 %, 0 %, 2406 MiB, 23034 MiB, 28.34 W
2026/04/15 03:14:16.219, NVIDIA L4, 0 %, 0 %, 2406 MiB, 23034 MiB, 28.34 W
2026/04/15 03:14:16.420, NVIDIA L4, 0 %, 0 %, 2406 MiB, 23034 MiB, 28.34 W
2026/04/15 03:14:16.620, NVIDIA L4, 0 %, 0 %, 2406 MiB, 23034 MiB, 28.34 W
2026/04/15 03:14:16.820, NVIDIA L4, 0 %, 0 %, 2406 MiB, 23034 MiB, 28.39 W
2026/04/15 03:14:17.020, NVIDIA L4, 0 %, 0 %, 2406 MiB, 23034 MiB, 28.39 W
2026/04/15 03:14:17.222, NVIDIA L4, 0 %, 0 %, 2406 MiB, 23034 MiB, 28.35 W
2026/04/15 03:14:17.422, NVIDIA L4, 0 %, 0 %, 2406 MiB, 23034 MiB, 28.37 W
2026/04/15 03:14:17.622, NVIDIA L4, 0 %, 0 %, 2406 MiB, 23034 MiB, 28.38 W
2026/04/15 03:14:17.823, NVIDIA L4, 0 %, 0 %, 2406 MiB, 23034 MiB, 28.40 W
2026/04/15 03:14:18.023, NVIDIA L4, 0 %, 0 %, 2406 MiB, 23034 MiB, 28.43 W
2026/04/15 03:14:18.223, NVIDIA L4, 0 %, 0 %, 2456 MiB, 23034 MiB, 28.45 W
2026/04/15 03:14:18.424, NVIDIA L4, 1 %, 0 %, 2550 MiB, 23034 MiB, 28.59 W
2026/04/15 03:14:18.624, NVIDIA L4, 66 %, 36 %, 2552 MiB, 23034 MiB, 28.63 W
2026/04/15 03:14:18.824, NVIDIA L4, 0 %, 0 %, 2552 MiB, 23034 MiB, 28.65 W
2026/04/15 03:14:19.024, NVIDIA L4, 0 %, 0 %, 2552 MiB, 23034 MiB, 28.65 W
2026/04/15 03:14:19.225, NVIDIA L4, 0 %, 0 %, 2552 MiB, 23034 MiB, 28.65 W
2026/04/15 03:14:19.425, NVIDIA L4, 0 %, 0 %, 2552 MiB, 23034 MiB, 28.61 W
2026/04/15 03:14:19.625, NVIDIA L4, 0 %, 0 %, 2552 MiB, 23034 MiB, 28.63 W
2026/04/15 03:14:19.826, NVIDIA L4, 0 %, 0 %, 2552 MiB, 23034 MiB, 28.63 W
2026/04/15 03:14:20.026, NVIDIA L4, 0 %, 0 %, 2552 MiB, 23034 MiB, 28.63 W
2026/04/15 03:14:20.226, NVIDIA L4, 0 %, 0 %, 2552 MiB, 23034 MiB, 28.63 W
2026/04/15 03:14:20.426, NVIDIA L4, 0 %, 0 %, 2552 MiB, 23034 MiB, 28.63 W
2026/04/15 03:14:20.627, NVIDIA L4, 0 %, 0 %, 2552 MiB, 23034 MiB, 28.51 W
2026/04/15 03:14:20.827, NVIDIA L4, 0 %, 0 %, 2552 MiB, 23034 MiB, 28.51 W
2026/04/15 03:14:21.027, NVIDIA L4, 0 %, 0 %, 2552 MiB, 23034 MiB, 28.51 W
2026/04/15 03:14:21.228, NVIDIA L4, 0 %, 0 %, 2552 MiB, 23034 MiB, 28.51 W
2026/04/15 03:14:21.428, NVIDIA L4, 0 %, 0 %, 2552 MiB, 23034 MiB, 28.51 W
2026/04/15 03:14:21.628, NVIDIA L4, 0 %, 0 %, 2552 MiB, 23034 MiB, 28.49 W
2026/04/15 03:14:21.829, NVIDIA L4, 0 %, 0 %, 2552 MiB, 23034 MiB, 28.49 W
2026/04/15 03:14:22.029, NVIDIA L4, 0 %, 0 %, 2552 MiB, 23034 MiB, 28.49 W
2026/04/15 03:14:22.229, NVIDIA L4, 0 %, 0 %, 2552 MiB, 23034 MiB, 28.49 W
2026/04/15 03:14:22.429, NVIDIA L4, 0 %, 0 %, 2552 MiB, 23034 MiB, 28.49 W
2026/04/15 03:14:22.630, NVIDIA L4, 0 %, 0 %, 2552 MiB, 23034 MiB, 28.49 W
2026/04/15 03:14:22.830, NVIDIA L4, 0 %, 0 %, 2552 MiB, 23034 MiB, 28.49 W
2026/04/15 03:14:23.030, NVIDIA L4, 0 %, 0 %, 2552 MiB, 23034 MiB, 28.49 W
2026/04/15 03:14:23.231, NVIDIA L4, 0 %, 0 %, 2552 MiB, 23034 MiB, 28.49 W
2026/04/15 03:14:23.431, NVIDIA L4, 0 %, 0 %, 2552 MiB, 23034 MiB, 28.49 W
2026/04/15 03:14:23.631, NVIDIA L4, 0 %, 0 %, 2552 MiB, 23034 MiB, 28.49 W
2026/04/15 03:14:23.831, NVIDIA L4, 0 %, 0 %, 2552 MiB, 23034 MiB, 28.49 W
2026/04/15 03:14:24.032, NVIDIA L4, 0 %, 0 %, 2552 MiB, 23034 MiB, 28.49 W
2026/04/15 03:14:24.232, NVIDIA L4, 0 %, 0 %, 2552 MiB, 23034 MiB, 28.49 W
2026/04/15 03:14:24.432, NVIDIA L4, 0 %, 0 %, 2552 MiB, 23034 MiB, 28.49 W
2026/04/15 03:14:24.632, NVIDIA L4, 0 %, 0 %, 2552 MiB, 23034 MiB, 28.54 W
2026/04/15 03:14:24.833, NVIDIA L4, 0 %, 0 %, 2552 MiB, 23034 MiB, 28.54 W
2026/04/15 03:14:25.033, NVIDIA L4, 0 %, 0 %, 2552 MiB, 23034 MiB, 28.54 W
2026/04/15 03:14:25.233, NVIDIA L4, 0 %, 0 %, 2552 MiB, 23034 MiB, 28.54 W
2026/04/15 03:14:25.433, NVIDIA L4, 0 %, 0 %, 2552 MiB, 23034 MiB, 28.54 W
2026/04/15 03:14:25.634, NVIDIA L4, 0 %, 0 %, 2552 MiB, 23034 MiB, 28.59 W
2026/04/15 03:14:25.834, NVIDIA L4, 0 %, 0 %, 2552 MiB, 23034 MiB, 28.59 W
2026/04/15 03:14:26.034, NVIDIA L4, 0 %, 0 %, 2552 MiB, 23034 MiB, 28.59 W
2026/04/15 03:14:26.234, NVIDIA L4, 0 %, 0 %, 2552 MiB, 23034 MiB, 28.59 W
2026/04/15 03:14:26.435, NVIDIA L4, 0 %, 0 %, 2552 MiB, 23034 MiB, 28.59 W
2026/04/15 03:14:26.635, NVIDIA L4, 0 %, 0 %, 2552 MiB, 23034 MiB, 28.64 W
2026/04/15 03:14:26.835, NVIDIA L4, 0 %, 0 %, 2552 MiB, 23034 MiB, 28.64 W
2026/04/15 03:14:27.035, NVIDIA L4, 0 %, 0 %, 2552 MiB, 23034 MiB, 28.64 W
2026/04/15 03:14:27.235, NVIDIA L4, 0 %, 0 %, 2552 MiB, 23034 MiB, 28.64 W
2026/04/15 03:14:27.436, NVIDIA L4, 0 %, 0 %, 2552 MiB, 23034 MiB, 28.64 W
2026/04/15 03:14:27.636, NVIDIA L4, 0 %, 0 %, 2552 MiB, 23034 MiB, 28.59 W
2026/04/15 03:14:27.836, NVIDIA L4, 0 %, 0 %, 2552 MiB, 23034 MiB, 28.59 W
2026/04/15 03:14:28.036, NVIDIA L4, 0 %, 0 %, 2616 MiB, 23034 MiB, 30.15 W
2026/04/15 03:14:28.236, NVIDIA L4, 0 %, 0 %, 2616 MiB, 23034 MiB, 29.98 W
2026/04/15 03:14:28.437, NVIDIA L4, 1 %, 1 %, 2636 MiB, 23034 MiB, 29.87 W
2026/04/15 03:14:28.637, NVIDIA L4, 0 %, 0 %, 2702 MiB, 23034 MiB, 32.98 W
2026/04/15 03:14:28.837, NVIDIA L4, 38 %, 30 %, 2714 MiB, 23034 MiB, 35.17 W
2026/04/15 03:14:29.037, NVIDIA L4, 0 %, 0 %, 2714 MiB, 23034 MiB, 34.49 W
2026/04/15 03:14:29.238, NVIDIA L4, 0 %, 0 %, 2714 MiB, 23034 MiB, 34.19 W
2026/04/15 03:14:29.438, NVIDIA L4, 0 %, 0 %, 2492 MiB, 23034 MiB, 34.17 W
2026/04/15 03:14:29.638, NVIDIA L4, 0 %, 0 %, 3292 MiB, 23034 MiB, 34.16 W
2026/04/15 03:14:29.838, NVIDIA L4, 40 %, 48 %, 20512 MiB, 23034 MiB, 31.86 W
2026/04/15 03:14:30.038, NVIDIA L4, 0 %, 0 %, 20608 MiB, 23034 MiB, 36.70 W
2026/04/15 03:14:30.239, NVIDIA L4, 44 %, 34 %, 20590 MiB, 23034 MiB, 42.64 W
2026/04/15 03:14:30.439, NVIDIA L4, 46 %, 36 %, 20614 MiB, 23034 MiB, 49.25 W
2026/04/15 03:14:30.639, NVIDIA L4, 39 %, 36 %, 20642 MiB, 23034 MiB, 55.22 W
2026/04/15 03:14:30.839, NVIDIA L4, 35 %, 34 %, 20666 MiB, 23034 MiB, 57.15 W
2026/04/15 03:14:31.040, NVIDIA L4, 33 %, 33 %, 20688 MiB, 23034 MiB, 61.08 W
2026/04/15 03:14:31.240, NVIDIA L4, 27 %, 29 %, 20710 MiB, 23034 MiB, 53.49 W
2026/04/15 03:14:31.440, NVIDIA L4, 27 %, 28 %, 20736 MiB, 23034 MiB, 50.37 W
2026/04/15 03:14:31.640, NVIDIA L4, 26 %, 28 %, 20756 MiB, 23034 MiB, 45.37 W
2026/04/15 03:14:31.841, NVIDIA L4, 19 %, 21 %, 20776 MiB, 23034 MiB, 42.80 W
2026/04/15 03:14:32.041, NVIDIA L4, 43 %, 36 %, 20788 MiB, 23034 MiB, 46.36 W
2026/04/15 03:14:32.241, NVIDIA L4, 39 %, 34 %, 20810 MiB, 23034 MiB, 47.11 W
2026/04/15 03:14:32.441, NVIDIA L4, 37 %, 35 %, 20832 MiB, 23034 MiB, 48.73 W
2026/04/15 03:14:32.642, NVIDIA L4, 34 %, 34 %, 20848 MiB, 23034 MiB, 51.94 W
2026/04/15 03:14:32.842, NVIDIA L4, 29 %, 30 %, 20868 MiB, 23034 MiB, 52.75 W
2026/04/15 03:14:33.042, NVIDIA L4, 10 %, 11 %, 20868 MiB, 23034 MiB, 45.94 W
2026/04/15 03:14:33.242, NVIDIA L4, 0 %, 0 %, 20986 MiB, 23034 MiB, 41.23 W
2026/04/15 03:14:33.443, NVIDIA L4, 0 %, 0 %, 20986 MiB, 23034 MiB, 38.66 W
2026/04/15 03:14:33.643, NVIDIA L4, 0 %, 0 %, 20986 MiB, 23034 MiB, 34.51 W
2026/04/15 03:14:33.843, NVIDIA L4, 0 %, 0 %, 20986 MiB, 23034 MiB, 31.67 W
2026/04/15 03:14:34.043, NVIDIA L4, 0 %, 0 %, 20986 MiB, 23034 MiB, 30.45 W
2026/04/15 03:14:34.244, NVIDIA L4, 0 %, 0 %, 20986 MiB, 23034 MiB, 30.44 W
2026/04/15 03:14:34.444, NVIDIA L4, 0 %, 0 %, 20986 MiB, 23034 MiB, 30.44 W
2026/04/15 03:14:34.644, NVIDIA L4, 0 %, 0 %, 20986 MiB, 23034 MiB, 30.44 W
2026/04/15 03:14:34.844, NVIDIA L4, 0 %, 0 %, 20986 MiB, 23034 MiB, 30.44 W
2026/04/15 03:14:35.045, NVIDIA L4, 0 %, 0 %, 20986 MiB, 23034 MiB, 30.44 W
2026/04/15 03:14:35.245, NVIDIA L4, 0 %, 0 %, 20986 MiB, 23034 MiB, 28.71 W
2026/04/15 03:14:35.445, NVIDIA L4, 0 %, 0 %, 20986 MiB, 23034 MiB, 28.71 W
2026/04/15 03:14:35.645, NVIDIA L4, 0 %, 0 %, 20986 MiB, 23034 MiB, 28.71 W
2026/04/15 03:14:35.846, NVIDIA L4, 0 %, 0 %, 20986 MiB, 23034 MiB, 28.74 W
2026/04/15 03:14:36.046, NVIDIA L4, 10 %, 11 %, 20986 MiB, 23034 MiB, 28.84 W
2026/04/15 03:14:36.246, NVIDIA L4, 0 %, 0 %, 20986 MiB, 23034 MiB, 29.00 W
2026/04/15 03:14:36.446, NVIDIA L4, 9 %, 10 %, 20986 MiB, 23034 MiB, 29.01 W
2026/04/15 03:14:36.646, NVIDIA L4, 0 %, 0 %, 20986 MiB, 23034 MiB, 29.32 W
2026/04/15 03:14:36.847, NVIDIA L4, 0 %, 0 %, 0 MiB, 23034 MiB, 30.36 W
2026/04/15 03:14:37.047, NVIDIA L4, 100 %, 24 %, 0 MiB, 23034 MiB, 32.00 W
2026/04/15 03:14:37.247, NVIDIA L4, 100 %, 24 %, 0 MiB, 23034 MiB, 33.05 W
2026/04/15 03:14:37.447, NVIDIA L4, 0 %, 0 %, 0 MiB, 23034 MiB, 33.02 W
2026/04/15 03:14:37.648, NVIDIA L4, 0 %, 0 %, 0 MiB, 23034 MiB, 33.02 W
2026/04/15 03:14:37.848, NVIDIA L4, 0 %, 0 %, 0 MiB, 23034 MiB, 32.64 W
2026/04/15 03:14:38.048, NVIDIA L4, 0 %, 0 %, 0 MiB, 23034 MiB, 30.88 W
2026/04/15 03:14:38.248, NVIDIA L4, 0 %, 0 %, 0 MiB, 23034 MiB, 29.98 W
2026/04/15 03:14:38.449, NVIDIA L4, 0 %, 0 %, 0 MiB, 23034 MiB, 29.98 W
2026/04/15 03:14:38.649, NVIDIA L4, 0 %, 0 %, 0 MiB, 23034 MiB, 29.98 W
2026/04/15 03:14:38.849, NVIDIA L4, 0 %, 0 %, 0 MiB, 23034 MiB, 29.98 W
2026/04/15 03:14:39.049, NVIDIA L4, 0 %, 0 %, 0 MiB, 23034 MiB, 29.98 W
2026/04/15 03:14:39.250, NVIDIA L4, 0 %, 0 %, 0 MiB, 23034 MiB, 21.96 W
2026/04/15 03:14:39.450, NVIDIA L4, 0 %, 0 %, 0 MiB, 23034 MiB, 21.96 W
2026/04/15 03:14:39.650, NVIDIA L4, 0 %, 0 %, 0 MiB, 23034 MiB, 21.96 W
2026/04/15 03:14:39.850, NVIDIA L4, 0 %, 0 %, 0 MiB, 23034 MiB, 21.96 W
2026/04/15 03:14:40.051, NVIDIA L4, 0 %, 0 %, 0 MiB, 23034 MiB, 21.96 W
2026/04/15 03:14:40.251, NVIDIA L4, 0 %, 0 %, 0 MiB, 23034 MiB, 21.22 W
2026/04/15 03:14:40.451, NVIDIA L4, 0 %, 0 %, 0 MiB, 23034 MiB, 21.22 W
2026/04/15 03:14:40.651, NVIDIA L4, 0 %, 0 %, 0 MiB, 23034 MiB, 21.22 W
2026/04/15 03:14:40.851, NVIDIA L4, 0 %, 0 %, 0 MiB, 23034 MiB, 21.22 W
2026/04/15 03:14:41.052, NVIDIA L4, 0 %, 0 %, 0 MiB, 23034 MiB, 21.22 W
2026/04/15 03:14:41.252, NVIDIA L4, 0 %, 0 %, 0 MiB, 23034 MiB, 21.12 W
2026/04/15 03:14:41.452, NVIDIA L4, 0 %, 0 %, 0 MiB, 23034 MiB, 21.12 W
2026/04/15 03:14:41.652, NVIDIA L4, 0 %, 0 %, 0 MiB, 23034 MiB, 21.12 W
2026/04/15 03:14:41.853, NVIDIA L4, 0 %, 0 %, 0 MiB, 23034 MiB, 21.12 W
2026/04/15 03:14:42.053, NVIDIA L4, 0 %, 0 %, 0 MiB, 23034 MiB, 21.12 W
2026/04/15 03:14:42.253, NVIDIA L4, 0 %, 0 %, 0 MiB, 23034 MiB, 21.07 W
2026/04/15 03:14:42.453, NVIDIA L4, 0 %, 0 %, 0 MiB, 23034 MiB, 21.07 W
2026/04/15 03:14:42.654, NVIDIA L4, 0 %, 0 %, 0 MiB, 23034 MiB, 21.07 W
2026/04/15 03:14:42.854, NVIDIA L4, 0 %, 0 %, 0 MiB, 23034 MiB, 21.07 W
2026/04/15 03:14:43.054, NVIDIA L4, 0 %, 0 %, 0 MiB, 23034 MiB, 21.07 W
2026/04/15 03:14:43.254, NVIDIA L4, 0 %, 0 %, 0 MiB, 23034 MiB, 21.07 W
2026/04/15 03:14:43.455, NVIDIA L4, 0 %, 0 %, 0 MiB, 23034 MiB, 21.07 W
2026/04/15 03:14:43.655, NVIDIA L4, 0 %, 0 %, 0 MiB, 23034 MiB, 21.07 W
2026/04/15 03:14:43.855, NVIDIA L4, 0 %, 0 %, 0 MiB, 23034 MiB, 21.07 W
2026/04/15 03:14:44.055, NVIDIA L4, 0 %, 0 %, 0 MiB, 23034 MiB, 21.07 W
2026/04/15 03:14:44.256, NVIDIA L4, 0 %, 0 %, 0 MiB, 23034 MiB, 19.14 W
2026/04/15 03:14:44.456, NVIDIA L4, 0 %, 0 %, 0 MiB, 23034 MiB, 19.14 W
2026/04/15 03:14:44.656, NVIDIA L4, 0 %, 0 %, 0 MiB, 23034 MiB, 19.14 W
2026/04/15 03:14:44.856, NVIDIA L4, 0 %, 0 %, 0 MiB, 23034 MiB, 19.14 W
2026/04/15 03:14:45.056, NVIDIA L4, 0 %, 0 %, 0 MiB, 23034 MiB, 19.14 W
2026/04/15 03:14:45.257, NVIDIA L4, 0 %, 0 %, 0 MiB, 23034 MiB, 17.21 W
2026/04/15 03:14:45.457, NVIDIA L4, 0 %, 0 %, 0 MiB, 23034 MiB, 17.21 W
2026/04/15 03:14:45.657, NVIDIA L4, 0 %, 0 %, 0 MiB, 23034 MiB, 17.21 W
2026/04/15 03:14:45.857, NVIDIA L4, 0 %, 0 %, 0 MiB, 23034 MiB, 17.21 W
2026/04/15 03:14:46.058, NVIDIA L4, 0 %, 0 %, 0 MiB, 23034 MiB, 17.21 W
2026/04/15 03:14:46.258, NVIDIA L4, 0 %, 0 %, 0 MiB, 23034 MiB, 17.21 W
2026/04/15 03:14:46.458, NVIDIA L4, 0 %, 0 %, 0 MiB, 23034 MiB, 17.21 W
2026/04/15 03:14:46.658, NVIDIA L4, 0 %, 0 %, 0 MiB, 23034 MiB, 17.21 W
2026/04/15 03:14:46.859, NVIDIA L4, 0 %, 0 %, 0 MiB, 23034 MiB, 17.21 W
2026/04/15 03:14:47.059, NVIDIA L4, 0 %, 0 %, 0 MiB, 23034 MiB, 17.21 W
2026/04/15 03:14:47.259, NVIDIA L4, 0 %, 0 %, 0 MiB, 23034 MiB, 17.16 W
2026/04/15 03:14:47.459, NVIDIA L4, 0 %, 0 %, 0 MiB, 23034 MiB, 17.16 W
2026/04/15 03:14:47.660, NVIDIA L4, 0 %, 0 %, 0 MiB, 23034 MiB, 17.16 W
2026/04/15 03:14:47.860, NVIDIA L4, 0 %, 0 %, 0 MiB, 23034 MiB, 17.16 W
2026/04/15 03:14:48.060, NVIDIA L4, 0 %, 0 %, 0 MiB, 23034 MiB, 17.16 W
2026/04/15 03:14:48.260, NVIDIA L4, 0 %, 0 %, 0 MiB, 23034 MiB, 17.11 W
2026/04/15 03:14:48.461, NVIDIA L4, 0 %, 0 %, 0 MiB, 23034 MiB, 17.11 W
2026/04/15 03:14:48.661, NVIDIA L4, 0 %, 0 %, 0 MiB, 23034 MiB, 17.11 W
2026/04/15 03:14:48.861, NVIDIA L4, 0 %, 0 %, 0 MiB, 23034 MiB, 17.11 W
2026/04/15 03:14:49.061, NVIDIA L4, 0 %, 0 %, 0 MiB, 23034 MiB, 17.11 W
2026/04/15 03:14:49.261, NVIDIA L4, 0 %, 0 %, 0 MiB, 23034 MiB, 17.11 W
2026/04/15 03:14:49.462, NVIDIA L4, 0 %, 0 %, 0 MiB, 23034 MiB, 17.11 W
2026/04/15 03:14:49.662, NVIDIA L4, 0 %, 0 %, 0 MiB, 23034 MiB, 17.11 W
2026/04/15 03:14:49.862, NVIDIA L4, 0 %, 0 %, 0 MiB, 23034 MiB, 17.11 W
2026/04/15 03:14:50.062, NVIDIA L4, 0 %, 0 %, 0 MiB, 23034 MiB, 17.11 W
2026/04/15 03:14:50.263, NVIDIA L4, 0 %, 0 %, 0 MiB, 23034 MiB, 17.11 W
2026/04/15 03:14:50.463, NVIDIA L4, 0 %, 0 %, 0 MiB, 23034 MiB, 17.11 W
2026/04/15 03:14:50.663, NVIDIA L4, 0 %, 0 %, 0 MiB, 23034 MiB, 17.11 W
2026/04/15 03:14:50.863, NVIDIA L4, 0 %, 0 %, 0 MiB, 23034 MiB, 17.11 W
2026/04/15 03:14:51.064, NVIDIA L4, 0 %, 0 %, 0 MiB, 23034 MiB, 17.11 W
2026/04/15 03:14:51.264, NVIDIA L4, 0 %, 0 %, 0 MiB, 23034 MiB, 17.11 W
2026/04/15 03:14:51.464, NVIDIA L4, 0 %, 0 %, 0 MiB, 23034 MiB, 17.11 W
2026/04/15 03:14:51.664, NVIDIA L4, 0 %, 0 %, 0 MiB, 23034 MiB, 17.11 W
2026/04/15 03:14:51.864, NVIDIA L4, 0 %, 0 %, 0 MiB, 23034 MiB, 17.11 W
2026/04/15 03:14:52.065, NVIDIA L4, 0 %, 0 %, 0 MiB, 23034 MiB, 17.11 W
2026/04/15 03:14:52.265, NVIDIA L4, 0 %, 0 %, 0 MiB, 23034 MiB, 17.11 W
2026/04/15 03:14:52.465, NVIDIA L4, 0 %, 0 %, 0 MiB, 23034 MiB, 17.11 W
2026/04/15 03:14:52.665, NVIDIA L4, 0 %, 0 %, 0 MiB, 23034 MiB, 17.11 W
2026/04/15 03:14:52.866, NVIDIA L4, 0 %, 0 %, 0 MiB, 23034 MiB, 17.11 W
2026/04/15 03:14:53.066, NVIDIA L4, 0 %, 0 %, 0 MiB, 23034 MiB, 17.11 W
2026/04/15 03:14:53.266, NVIDIA L4, 0 %, 0 %, 0 MiB, 23034 MiB, 17.11 W
2026/04/15 03:14:53.467, NVIDIA L4, 0 %, 0 %, 0 MiB, 23034 MiB, 17.11 W
2026/04/15 03:14:53.667, NVIDIA L4, 0 %, 0 %, 0 MiB, 23034 MiB, 17.11 W
2026/04/15 03:14:53.867, NVIDIA L4, 0 %, 0 %, 0 MiB, 23034 MiB, 17.11 W
2026/04/15 03:14:54.067, NVIDIA L4, 0 %, 0 %, 0 MiB, 23034 MiB, 17.11 W
2026/04/15 03:14:54.268, NVIDIA L4, 0 %, 0 %, 0 MiB, 23034 MiB, 17.11 W
2026/04/15 03:14:54.468, NVIDIA L4, 0 %, 0 %, 0 MiB, 23034 MiB, 17.11 W
2026/04/15 03:14:54.668, NVIDIA L4, 0 %, 0 %, 0 MiB, 23034 MiB, 17.11 W
2026/04/15 03:14:54.868, NVIDIA L4, 0 %, 0 %, 0 MiB, 23034 MiB, 17.11 W
2026/04/15 03:14:55.068, NVIDIA L4, 0 %, 0 %, 0 MiB, 23034 MiB, 17.11 W
2026/04/15 03:14:55.269, NVIDIA L4, 0 %, 0 %, 0 MiB, 23034 MiB, 17.11 W
2026/04/15 03:14:55.469, NVIDIA L4, 0 %, 0 %, 0 MiB, 23034 MiB, 17.11 W
2026/04/15 03:14:55.669, NVIDIA L4, 0 %, 0 %, 0 MiB, 23034 MiB, 17.11 W
2026/04/15 03:14:55.869, NVIDIA L4, 0 %, 0 %, 0 MiB, 23034 MiB, 17.11 W
2026/04/15 03:14:56.070, NVIDIA L4, 0 %, 0 %, 0 MiB, 23034 MiB, 17.11 W
2026/04/15 03:14:56.270, NVIDIA L4, 0 %, 0 %, 0 MiB, 23034 MiB, 17.11 W
2026/04/15 03:14:56.470, NVIDIA L4, 0 %, 0 %, 0 MiB, 23034 MiB, 17.11 W
2026/04/15 03:14:56.670, NVIDIA L4, 0 %, 0 %, 0 MiB, 23034 MiB, 17.11 W
2026/04/15 03:14:56.871, NVIDIA L4, 0 %, 0 %, 0 MiB, 23034 MiB, 17.11 W
2026/04/15 03:14:57.071, NVIDIA L4, 0 %, 0 %, 0 MiB, 23034 MiB, 17.11 W
2026/04/15 03:14:57.271, NVIDIA L4, 0 %, 0 %, 0 MiB, 23034 MiB, 17.11 W
2026/04/15 03:14:57.471, NVIDIA L4, 0 %, 0 %, 0 MiB, 23034 MiB, 17.11 W
2026/04/15 03:14:57.672, NVIDIA L4, 0 %, 0 %, 0 MiB, 23034 MiB, 17.11 W
2026/04/15 03:14:57.872, NVIDIA L4, 0 %, 0 %, 0 MiB, 23034 MiB, 17.11 W
2026/04/15 03:14:58.072, NVIDIA L4, 0 %, 0 %, 0 MiB, 23034 MiB, 17.11 W
2026/04/15 03:14:58.272, NVIDIA L4, 0 %, 0 %, 0 MiB, 23034 MiB, 17.11 W
2026/04/15 03:14:58.472, NVIDIA L4, 0 %, 0 %, 0 MiB, 23034 MiB, 17.11 W
2026/04/15 03:14:58.673, NVIDIA L4, 0 %, 0 %, 0 MiB, 23034 MiB, 17.11 W
2026/04/15 03:14:58.873, NVIDIA L4, 0 %, 0 %, 0 MiB, 23034 MiB, 17.11 W
2026/04/15 03:14:59.073, NVIDIA L4, 0 %, 0 %, 0 MiB, 23034 MiB, 17.11 W
2026/04/15 03:14:59.273, NVIDIA L4, 0 %, 0 %, 0 MiB, 23034 MiB, 17.11 W
2026/04/15 03:14:59.474, NVIDIA L4, 0 %, 0 %, 0 MiB, 23034 MiB, 17.11 W
2026/04/15 03:14:59.674, NVIDIA L4, 0 %, 0 %, 0 MiB, 23034 MiB, 17.11 W
2026/04/15 03:14:59.874, NVIDIA L4, 0 %, 0 %, 0 MiB, 23034 MiB, 17.11 W
2026/04/15 03:15:00.074, NVIDIA L4, 0 %, 0 %, 0 MiB, 23034 MiB, 17.11 W
2026/04/15 03:15:00.274, NVIDIA L4, 0 %, 0 %, 0 MiB, 23034 MiB, 17.11 W
2026/04/15 03:15:00.475, NVIDIA L4, 0 %, 0 %, 0 MiB, 23034 MiB, 17.11 W
2026/04/15 03:15:00.675, NVIDIA L4, 0 %, 0 %, 0 MiB, 23034 MiB, 17.11 W
2026/04/15 03:15:00.875, NVIDIA L4, 0 %, 0 %, 0 MiB, 23034 MiB, 17.11 W
2026/04/15 03:15:01.075, NVIDIA L4, 0 %, 0 %, 0 MiB, 23034 MiB, 17.11 W
2026/04/15 03:15:01.275, NVIDIA L4, 0 %, 0 %, 0 MiB, 23034 MiB, 17.11 W
2026/04/15 03:15:01.476, NVIDIA L4, 0 %, 0 %, 0 MiB, 23034 MiB, 17.11 W
2026/04/15 03:15:01.676, NVIDIA L4, 0 %, 0 %, 0 MiB, 23034 MiB, 17.11 W
2026/04/15 03:15:01.876, NVIDIA L4, 0 %, 0 %, 0 MiB, 23034 MiB, 17.11 W
2026/04/15 03:15:02.076, NVIDIA L4, 0 %, 0 %, 0 MiB, 23034 MiB, 17.11 W
2026/04/15 03:15:02.277, NVIDIA L4, 0 %, 0 %, 0 MiB, 23034 MiB, 17.11 W
2026/04/15 03:15:02.477, NVIDIA L4, 0 %, 0 %, 0 MiB, 23034 MiB, 17.11 W
2026/04/15 03:15:02.677, NVIDIA L4, 0 %, 0 %, 0 MiB, 23034 MiB, 17.11 W
2026/04/15 03:15:02.877, NVIDIA L4, 0 %, 0 %, 0 MiB, 23034 MiB, 17.11 W
2026/04/15 03:15:03.078, NVIDIA L4, 0 %, 0 %, 0 MiB, 23034 MiB, 17.11 W
2026/04/15 03:15:03.278, NVIDIA L4, 0 %, 0 %, 0 MiB, 23034 MiB, 17.11 W
2026/04/15 03:15:03.478, NVIDIA L4, 0 %, 0 %, 0 MiB, 23034 MiB, 17.11 W
2026/04/15 03:15:03.678, NVIDIA L4, 0 %, 0 %, 0 MiB, 23034 MiB, 17.11 W
2026/04/15 03:15:03.878, NVIDIA L4, 0 %, 0 %, 0 MiB, 23034 MiB, 17.11 W
2026/04/15 03:15:04.079, NVIDIA L4, 0 %, 0 %, 0 MiB, 23034 MiB, 17.11 W
2026/04/15 03:15:04.279, NVIDIA L4, 0 %, 0 %, 0 MiB, 23034 MiB, 17.11 W
2026/04/15 03:15:04.479, NVIDIA L4, 0 %, 0 %, 0 MiB, 23034 MiB, 17.11 W
2026/04/15 03:15:04.679, NVIDIA L4, 0 %, 0 %, 0 MiB, 23034 MiB, 17.11 W
2026/04/15 03:15:04.880, NVIDIA L4, 0 %, 0 %, 0 MiB, 23034 MiB, 17.11 W
2026/04/15 03:15:05.080, NVIDIA L4, 0 %, 0 %, 0 MiB, 23034 MiB, 17.11 W
2026/04/15 03:15:05.280, NVIDIA L4, 0 %, 0 %, 0 MiB, 23034 MiB, 17.11 W
2026/04/15 03:15:05.480, NVIDIA L4, 0 %, 0 %, 0 MiB, 23034 MiB, 17.11 W
2026/04/15 03:15:05.681, NVIDIA L4, 0 %, 0 %, 0 MiB, 23034 MiB, 17.11 W
2026/04/15 03:15:05.881, NVIDIA L4, 0 %, 0 %, 0 MiB, 23034 MiB, 17.11 W
2026/04/15 03:15:06.081, NVIDIA L4, 0 %, 0 %, 0 MiB, 23034 MiB, 17.11 W
2026/04/15 03:15:06.281, NVIDIA L4, 0 %, 0 %, 0 MiB, 23034 MiB, 17.11 W
2026/04/15 03:15:06.625, NVIDIA L4, 0 %, 0 %, 0 MiB, 23034 MiB, 17.11 W
2026/04/15 03:15:06.826, NVIDIA L4, 0 %, 0 %, 0 MiB, 23034 MiB, 17.11 W
2026/04/15 03:15:07.026, NVIDIA L4, 0 %, 0 %, 0 MiB, 23034 MiB, 17.11 W
2026/04/15 03:15:07.227, NVIDIA L4, 0 %, 0 %, 0 MiB, 23034 MiB, 17.11 W
2026/04/15 03:15:07.427, NVIDIA L4, 0 %, 0 %, 0 MiB, 23034 MiB, 17.11 W
2026/04/15 03:15:07.628, NVIDIA L4, 0 %, 0 %, 0 MiB, 23034 MiB, 17.11 W
2026/04/15 03:15:07.828, NVIDIA L4, 0 %, 0 %, 0 MiB, 23034 MiB, 17.11 W
2026/04/15 03:15:08.028, NVIDIA L4, 0 %, 0 %, 0 MiB, 23034 MiB, 17.11 W
2026/04/15 03:15:08.229, NVIDIA L4, 0 %, 0 %, 0 MiB, 23034 MiB, 17.11 W
2026/04/15 03:15:08.429, NVIDIA L4, 0 %, 0 %, 0 MiB, 23034 MiB, 17.11 W
2026/04/15 03:15:08.629, NVIDIA L4, 0 %, 0 %, 0 MiB, 23034 MiB, 17.11 W
2026/04/15 03:15:08.829, NVIDIA L4, 0 %, 0 %, 0 MiB, 23034 MiB, 17.11 W
2026/04/15 03:15:09.029, NVIDIA L4, 0 %, 0 %, 0 MiB, 23034 MiB, 17.11 W
2026/04/15 03:15:09.230, NVIDIA L4, 0 %, 0 %, 0 MiB, 23034 MiB, 17.11 W
2026/04/15 03:15:09.430, NVIDIA L4, 0 %, 0 %, 0 MiB, 23034 MiB, 17.11 W
2026/04/15 03:15:09.630, NVIDIA L4, 0 %, 0 %, 0 MiB, 23034 MiB, 17.11 W
2026/04/15 03:15:09.830, NVIDIA L4, 0 %, 0 %, 0 MiB, 23034 MiB, 17.11 W
2026/04/15 03:15:10.031, NVIDIA L4, 0 %, 0 %, 0 MiB, 23034 MiB, 17.11 W
2026/04/15 03:15:10.231, NVIDIA L4, 0 %, 0 %, 0 MiB, 23034 MiB, 17.11 W
2026/04/15 03:15:10.431, NVIDIA L4, 0 %, 0 %, 0 MiB, 23034 MiB, 17.11 W
2026/04/15 03:15:10.631, NVIDIA L4, 0 %, 0 %, 0 MiB, 23034 MiB, 17.11 W
2026/04/15 03:15:10.832, NVIDIA L4, 0 %, 0 %, 0 MiB, 23034 MiB, 17.11 W
2026/04/15 03:15:11.032, NVIDIA L4, 0 %, 0 %, 0 MiB, 23034 MiB, 17.11 W
2026/04/15 03:15:11.232, NVIDIA L4, 0 %, 0 %, 3 MiB, 23034 MiB, 17.11 W
2026/04/15 03:15:11.432, NVIDIA L4, 0 %, 0 %, 3 MiB, 23034 MiB, 17.12 W
2026/04/15 03:15:11.632, NVIDIA L4, 0 %, 0 %, 190 MiB, 23034 MiB, 17.12 W
2026/04/15 03:15:11.833, NVIDIA L4, 2 %, 0 %, 262 MiB, 23034 MiB, 18.66 W
2026/04/15 03:15:12.033, NVIDIA L4, 3 %, 1 %, 262 MiB, 23034 MiB, 19.79 W
2026/04/15 03:15:12.233, NVIDIA L4, 0 %, 0 %, 408 MiB, 23034 MiB, 20.68 W
2026/04/15 03:15:12.434, NVIDIA L4, 0 %, 0 %, 408 MiB, 23034 MiB, 25.91 W
2026/04/15 03:15:12.634, NVIDIA L4, 0 %, 0 %, 666 MiB, 23034 MiB, 27.85 W
2026/04/15 03:15:12.834, NVIDIA L4, 0 %, 0 %, 2406 MiB, 23034 MiB, 28.82 W
2026/04/15 03:15:13.034, NVIDIA L4, 0 %, 0 %, 2406 MiB, 23034 MiB, 28.83 W
2026/04/15 03:15:13.235, NVIDIA L4, 28 %, 2 %, 2406 MiB, 23034 MiB, 28.96 W
2026/04/15 03:15:13.435, NVIDIA L4, 29 %, 2 %, 2406 MiB, 23034 MiB, 29.23 W
2026/04/15 03:15:13.635, NVIDIA L4, 29 %, 2 %, 2406 MiB, 23034 MiB, 29.49 W
2026/04/15 03:15:13.835, NVIDIA L4, 11 %, 1 %, 2406 MiB, 23034 MiB, 29.63 W
2026/04/15 03:15:14.036, NVIDIA L4, 0 %, 0 %, 2406 MiB, 23034 MiB, 29.61 W
2026/04/15 03:15:14.236, NVIDIA L4, 0 %, 0 %, 2406 MiB, 23034 MiB, 29.60 W
2026/04/15 03:15:14.436, NVIDIA L4, 0 %, 0 %, 2406 MiB, 23034 MiB, 29.36 W
2026/04/15 03:15:14.636, NVIDIA L4, 0 %, 0 %, 2406 MiB, 23034 MiB, 29.09 W
2026/04/15 03:15:14.837, NVIDIA L4, 0 %, 0 %, 2406 MiB, 23034 MiB, 28.88 W
2026/04/15 03:15:15.037, NVIDIA L4, 0 %, 0 %, 2406 MiB, 23034 MiB, 28.88 W
2026/04/15 03:15:15.237, NVIDIA L4, 0 %, 0 %, 2406 MiB, 23034 MiB, 28.88 W
2026/04/15 03:15:15.437, NVIDIA L4, 0 %, 0 %, 2406 MiB, 23034 MiB, 28.88 W
2026/04/15 03:15:15.638, NVIDIA L4, 0 %, 0 %, 2406 MiB, 23034 MiB, 28.88 W
2026/04/15 03:15:15.838, NVIDIA L4, 0 %, 0 %, 2406 MiB, 23034 MiB, 28.89 W
2026/04/15 03:15:16.038, NVIDIA L4, 0 %, 0 %, 2406 MiB, 23034 MiB, 28.89 W
2026/04/15 03:15:16.238, NVIDIA L4, 0 %, 0 %, 2406 MiB, 23034 MiB, 28.89 W
2026/04/15 03:15:16.438, NVIDIA L4, 0 %, 0 %, 2406 MiB, 23034 MiB, 28.89 W
2026/04/15 03:15:16.639, NVIDIA L4, 0 %, 0 %, 2406 MiB, 23034 MiB, 28.89 W
2026/04/15 03:15:16.839, NVIDIA L4, 0 %, 0 %, 2406 MiB, 23034 MiB, 28.83 W
2026/04/15 03:15:17.039, NVIDIA L4, 0 %, 0 %, 2406 MiB, 23034 MiB, 28.83 W
2026/04/15 03:15:17.239, NVIDIA L4, 0 %, 0 %, 2406 MiB, 23034 MiB, 28.83 W
2026/04/15 03:15:17.440, NVIDIA L4, 0 %, 0 %, 2406 MiB, 23034 MiB, 28.83 W
2026/04/15 03:15:17.640, NVIDIA L4, 0 %, 0 %, 2406 MiB, 23034 MiB, 28.83 W
2026/04/15 03:15:17.840, NVIDIA L4, 0 %, 0 %, 2406 MiB, 23034 MiB, 28.83 W
2026/04/15 03:15:18.040, NVIDIA L4, 0 %, 0 %, 2406 MiB, 23034 MiB, 28.83 W
2026/04/15 03:15:18.240, NVIDIA L4, 0 %, 0 %, 2406 MiB, 23034 MiB, 28.83 W
2026/04/15 03:15:18.441, NVIDIA L4, 0 %, 0 %, 2406 MiB, 23034 MiB, 28.83 W
2026/04/15 03:15:18.641, NVIDIA L4, 0 %, 0 %, 2406 MiB, 23034 MiB, 28.83 W
2026/04/15 03:15:18.841, NVIDIA L4, 0 %, 0 %, 2406 MiB, 23034 MiB, 28.89 W
2026/04/15 03:15:19.041, NVIDIA L4, 0 %, 0 %, 2406 MiB, 23034 MiB, 28.89 W
2026/04/15 03:15:19.283, NVIDIA L4, 0 %, 0 %, 2406 MiB, 23034 MiB, 28.90 W
2026/04/15 03:15:19.483, NVIDIA L4, 0 %, 0 %, 2406 MiB, 23034 MiB, 28.90 W
2026/04/15 03:15:19.683, NVIDIA L4, 0 %, 0 %, 2456 MiB, 23034 MiB, 28.92 W
2026/04/15 03:15:19.883, NVIDIA L4, 2 %, 0 %, 2550 MiB, 23034 MiB, 28.99 W
2026/04/15 03:15:20.084, NVIDIA L4, 45 %, 24 %, 2616 MiB, 23034 MiB, 33.66 W
2026/04/15 03:15:20.284, NVIDIA L4, 0 %, 0 %, 2616 MiB, 23034 MiB, 33.67 W
2026/04/15 03:15:20.484, NVIDIA L4, 1 %, 1 %, 2636 MiB, 23034 MiB, 33.74 W
2026/04/15 03:15:20.684, NVIDIA L4, 0 %, 0 %, 2698 MiB, 23034 MiB, 33.73 W
2026/04/15 03:15:20.884, NVIDIA L4, 46 %, 36 %, 2714 MiB, 23034 MiB, 37.29 W
2026/04/15 03:15:21.085, NVIDIA L4, 0 %, 0 %, 2714 MiB, 23034 MiB, 32.47 W
2026/04/15 03:15:21.285, NVIDIA L4, 0 %, 0 %, 2714 MiB, 23034 MiB, 32.60 W
2026/04/15 03:15:21.485, NVIDIA L4, 0 %, 0 %, 2492 MiB, 23034 MiB, 32.56 W
2026/04/15 03:15:21.685, NVIDIA L4, 0 %, 0 %, 2492 MiB, 23034 MiB, 32.50 W
2026/04/15 03:15:21.886, NVIDIA L4, 34 %, 41 %, 20512 MiB, 23034 MiB, 35.22 W
2026/04/15 03:15:22.086, NVIDIA L4, 0 %, 0 %, 20608 MiB, 23034 MiB, 31.72 W
2026/04/15 03:15:22.286, NVIDIA L4, 46 %, 35 %, 20588 MiB, 23034 MiB, 40.23 W
2026/04/15 03:15:22.486, NVIDIA L4, 44 %, 34 %, 20610 MiB, 23034 MiB, 44.03 W
2026/04/15 03:15:22.686, NVIDIA L4, 36 %, 33 %, 20638 MiB, 23034 MiB, 50.29 W
2026/04/15 03:15:22.887, NVIDIA L4, 33 %, 32 %, 20660 MiB, 23034 MiB, 56.74 W
2026/04/15 03:15:23.087, NVIDIA L4, 31 %, 31 %, 20684 MiB, 23034 MiB, 59.71 W
2026/04/15 03:15:23.287, NVIDIA L4, 29 %, 30 %, 20708 MiB, 23034 MiB, 58.99 W
2026/04/15 03:15:23.487, NVIDIA L4, 32 %, 34 %, 20730 MiB, 23034 MiB, 57.33 W
2026/04/15 03:15:23.688, NVIDIA L4, 28 %, 30 %, 20754 MiB, 23034 MiB, 56.00 W
2026/04/15 03:15:23.888, NVIDIA L4, 24 %, 27 %, 20770 MiB, 23034 MiB, 52.92 W
2026/04/15 03:15:24.088, NVIDIA L4, 38 %, 32 %, 20794 MiB, 23034 MiB, 51.70 W
2026/04/15 03:15:24.288, NVIDIA L4, 44 %, 39 %, 20808 MiB, 23034 MiB, 49.71 W
2026/04/15 03:15:24.488, NVIDIA L4, 33 %, 31 %, 20828 MiB, 23034 MiB, 52.88 W
2026/04/15 03:15:24.689, NVIDIA L4, 37 %, 36 %, 20848 MiB, 23034 MiB, 52.16 W
2026/04/15 03:15:24.889, NVIDIA L4, 27 %, 28 %, 20868 MiB, 23034 MiB, 51.76 W
2026/04/15 03:15:25.089, NVIDIA L4, 8 %, 9 %, 20868 MiB, 23034 MiB, 48.24 W
2026/04/15 03:15:25.289, NVIDIA L4, 0 %, 0 %, 20986 MiB, 23034 MiB, 45.14 W
2026/04/15 03:15:25.489, NVIDIA L4, 0 %, 0 %, 20986 MiB, 23034 MiB, 38.88 W
2026/04/15 03:15:25.690, NVIDIA L4, 0 %, 0 %, 20986 MiB, 23034 MiB, 35.29 W
2026/04/15 03:15:25.890, NVIDIA L4, 0 %, 0 %, 20986 MiB, 23034 MiB, 31.62 W
2026/04/15 03:15:26.090, NVIDIA L4, 0 %, 0 %, 20986 MiB, 23034 MiB, 29.16 W
2026/04/15 03:15:26.290, NVIDIA L4, 0 %, 0 %, 20986 MiB, 23034 MiB, 29.15 W
2026/04/15 03:15:26.490, NVIDIA L4, 0 %, 0 %, 20986 MiB, 23034 MiB, 29.15 W
2026/04/15 03:15:26.691, NVIDIA L4, 0 %, 0 %, 20986 MiB, 23034 MiB, 29.15 W
2026/04/15 03:15:26.891, NVIDIA L4, 0 %, 0 %, 20986 MiB, 23034 MiB, 29.15 W
2026/04/15 03:15:27.091, NVIDIA L4, 0 %, 0 %, 20986 MiB, 23034 MiB, 29.15 W
2026/04/15 03:15:27.291, NVIDIA L4, 0 %, 0 %, 20986 MiB, 23034 MiB, 28.89 W
2026/04/15 03:15:27.491, NVIDIA L4, 0 %, 0 %, 20986 MiB, 23034 MiB, 28.89 W
2026/04/15 03:15:27.692, NVIDIA L4, 20 %, 22 %, 20986 MiB, 23034 MiB, 28.96 W
2026/04/15 03:15:27.892, NVIDIA L4, 0 %, 0 %, 20986 MiB, 23034 MiB, 28.96 W
2026/04/15 03:15:28.092, NVIDIA L4, 0 %, 0 %, 0 MiB, 23034 MiB, 28.96 W
2026/04/15 03:15:28.292, NVIDIA L4, 100 %, 24 %, 0 MiB, 23034 MiB, 29.93 W
2026/04/15 03:15:28.493, NVIDIA L4, 100 %, 24 %, 0 MiB, 23034 MiB, 32.27 W
2026/04/15 03:15:28.693, NVIDIA L4, 0 %, 0 %, 0 MiB, 23034 MiB, 33.35 W
2026/04/15 03:15:28.893, NVIDIA L4, 0 %, 0 %, 0 MiB, 23034 MiB, 33.19 W
2026/04/15 03:15:29.093, NVIDIA L4, 0 %, 0 %, 0 MiB, 23034 MiB, 33.19 W
2026/04/15 03:15:29.294, NVIDIA L4, 0 %, 0 %, 0 MiB, 23034 MiB, 32.30 W
2026/04/15 03:15:29.494, NVIDIA L4, 0 %, 0 %, 0 MiB, 23034 MiB, 30.53 W
2026/04/15 03:15:29.694, NVIDIA L4, 0 %, 0 %, 0 MiB, 23034 MiB, 30.53 W
2026/04/15 03:15:29.894, NVIDIA L4, 0 %, 0 %, 0 MiB, 23034 MiB, 30.53 W
2026/04/15 03:15:30.095, NVIDIA L4, 0 %, 0 %, 0 MiB, 23034 MiB, 30.53 W
2026/04/15 03:15:30.295, NVIDIA L4, 0 %, 0 %, 0 MiB, 23034 MiB, 30.53 W
2026/04/15 03:15:30.495, NVIDIA L4, 0 %, 0 %, 0 MiB, 23034 MiB, 28.89 W
2026/04/15 03:15:30.695, NVIDIA L4, 0 %, 0 %, 0 MiB, 23034 MiB, 28.89 W
2026/04/15 03:15:30.896, NVIDIA L4, 0 %, 0 %, 0 MiB, 23034 MiB, 28.89 W
2026/04/15 03:15:31.096, NVIDIA L4, 0 %, 0 %, 0 MiB, 23034 MiB, 28.89 W
2026/04/15 03:15:31.296, NVIDIA L4, 0 %, 0 %, 0 MiB, 23034 MiB, 28.89 W
2026/04/15 03:15:31.496, NVIDIA L4, 0 %, 0 %, 0 MiB, 23034 MiB, 25.08 W
2026/04/15 03:15:31.697, NVIDIA L4, 0 %, 0 %, 0 MiB, 23034 MiB, 25.08 W
2026/04/15 03:15:31.897, NVIDIA L4, 0 %, 0 %, 0 MiB, 23034 MiB, 25.08 W
2026/04/15 03:15:32.097, NVIDIA L4, 0 %, 0 %, 0 MiB, 23034 MiB, 25.08 W
2026/04/15 03:15:32.297, NVIDIA L4, 0 %, 0 %, 0 MiB, 23034 MiB, 25.08 W
2026/04/15 03:15:32.497, NVIDIA L4, 0 %, 0 %, 0 MiB, 23034 MiB, 21.22 W
2026/04/15 03:15:32.698, NVIDIA L4, 0 %, 0 %, 0 MiB, 23034 MiB, 21.22 W
2026/04/15 03:15:32.898, NVIDIA L4, 0 %, 0 %, 0 MiB, 23034 MiB, 21.22 W
2026/04/15 03:15:33.098, NVIDIA L4, 0 %, 0 %, 0 MiB, 23034 MiB, 21.22 W
2026/04/15 03:15:33.299, NVIDIA L4, 0 %, 0 %, 0 MiB, 23034 MiB, 21.22 W
2026/04/15 03:15:33.499, NVIDIA L4, 0 %, 0 %, 0 MiB, 23034 MiB, 21.17 W
2026/04/15 03:15:33.699, NVIDIA L4, 0 %, 0 %, 0 MiB, 23034 MiB, 21.17 W
2026/04/15 03:15:33.899, NVIDIA L4, 0 %, 0 %, 0 MiB, 23034 MiB, 21.17 W
2026/04/15 03:15:34.099, NVIDIA L4, 0 %, 0 %, 0 MiB, 23034 MiB, 21.17 W
2026/04/15 03:15:34.299, NVIDIA L4, 0 %, 0 %, 0 MiB, 23034 MiB, 21.17 W
2026/04/15 03:15:34.500, NVIDIA L4, 0 %, 0 %, 0 MiB, 23034 MiB, 21.17 W
2026/04/15 03:15:34.700, NVIDIA L4, 0 %, 0 %, 0 MiB, 23034 MiB, 21.17 W
2026/04/15 03:15:34.900, NVIDIA L4, 0 %, 0 %, 0 MiB, 23034 MiB, 21.17 W
2026/04/15 03:15:35.100, NVIDIA L4, 0 %, 0 %, 0 MiB, 23034 MiB, 21.17 W
2026/04/15 03:15:35.301, NVIDIA L4, 0 %, 0 %, 0 MiB, 23034 MiB, 21.17 W
2026/04/15 03:15:35.501, NVIDIA L4, 0 %, 0 %, 0 MiB, 23034 MiB, 19.24 W
2026/04/15 03:15:35.701, NVIDIA L4, 0 %, 0 %, 0 MiB, 23034 MiB, 19.24 W
2026/04/15 03:15:35.901, NVIDIA L4, 0 %, 0 %, 0 MiB, 23034 MiB, 19.24 W
2026/04/15 03:15:36.101, NVIDIA L4, 0 %, 0 %, 0 MiB, 23034 MiB, 19.24 W
2026/04/15 03:15:36.302, NVIDIA L4, 0 %, 0 %, 0 MiB, 23034 MiB, 19.24 W
2026/04/15 03:15:36.502, NVIDIA L4, 0 %, 0 %, 0 MiB, 23034 MiB, 17.31 W
2026/04/15 03:15:36.702, NVIDIA L4, 0 %, 0 %, 0 MiB, 23034 MiB, 17.31 W
2026/04/15 03:15:36.903, NVIDIA L4, 0 %, 0 %, 0 MiB, 23034 MiB, 17.31 W
2026/04/15 03:15:37.103, NVIDIA L4, 0 %, 0 %, 0 MiB, 23034 MiB, 17.31 W
2026/04/15 03:15:37.303, NVIDIA L4, 0 %, 0 %, 0 MiB, 23034 MiB, 17.31 W
2026/04/15 03:15:37.503, NVIDIA L4, 0 %, 0 %, 0 MiB, 23034 MiB, 17.31 W
2026/04/15 03:15:37.704, NVIDIA L4, 0 %, 0 %, 0 MiB, 23034 MiB, 17.31 W
2026/04/15 03:15:37.904, NVIDIA L4, 0 %, 0 %, 0 MiB, 23034 MiB, 17.31 W
2026/04/15 03:15:38.104, NVIDIA L4, 0 %, 0 %, 0 MiB, 23034 MiB, 17.31 W
2026/04/15 03:15:38.304, NVIDIA L4, 0 %, 0 %, 0 MiB, 23034 MiB, 17.31 W
2026/04/15 03:15:38.504, NVIDIA L4, 0 %, 0 %, 0 MiB, 23034 MiB, 17.26 W
2026/04/15 03:15:38.705, NVIDIA L4, 0 %, 0 %, 0 MiB, 23034 MiB, 17.26 W
2026/04/15 03:15:38.905, NVIDIA L4, 0 %, 0 %, 0 MiB, 23034 MiB, 17.26 W
2026/04/15 03:15:39.105, NVIDIA L4, 0 %, 0 %, 0 MiB, 23034 MiB, 17.26 W
2026/04/15 03:15:39.306, NVIDIA L4, 0 %, 0 %, 0 MiB, 23034 MiB, 17.26 W
2026/04/15 03:15:39.506, NVIDIA L4, 0 %, 0 %, 0 MiB, 23034 MiB, 17.21 W
2026/04/15 03:15:39.706, NVIDIA L4, 0 %, 0 %, 0 MiB, 23034 MiB, 17.21 W
2026/04/15 03:15:39.906, NVIDIA L4, 0 %, 0 %, 0 MiB, 23034 MiB, 17.21 W
2026/04/15 03:15:40.106, NVIDIA L4, 0 %, 0 %, 0 MiB, 23034 MiB, 17.21 W
2026/04/15 03:15:40.307, NVIDIA L4, 0 %, 0 %, 0 MiB, 23034 MiB, 17.21 W
2026/04/15 03:15:40.507, NVIDIA L4, 0 %, 0 %, 0 MiB, 23034 MiB, 17.21 W
2026/04/15 03:15:40.707, NVIDIA L4, 0 %, 0 %, 0 MiB, 23034 MiB, 17.21 W
2026/04/15 03:15:40.907, NVIDIA L4, 0 %, 0 %, 0 MiB, 23034 MiB, 17.21 W
2026/04/15 03:15:41.108, NVIDIA L4, 0 %, 0 %, 0 MiB, 23034 MiB, 17.21 W
2026/04/15 03:15:41.308, NVIDIA L4, 0 %, 0 %, 0 MiB, 23034 MiB, 17.21 W
2026/04/15 03:15:41.508, NVIDIA L4, 0 %, 0 %, 0 MiB, 23034 MiB, 17.21 W
2026/04/15 03:15:41.708, NVIDIA L4, 0 %, 0 %, 0 MiB, 23034 MiB, 17.21 W
2026/04/15 03:15:41.909, NVIDIA L4, 0 %, 0 %, 0 MiB, 23034 MiB, 17.21 W
2026/04/15 03:15:42.109, NVIDIA L4, 0 %, 0 %, 0 MiB, 23034 MiB, 17.21 W
2026/04/15 03:15:42.309, NVIDIA L4, 0 %, 0 %, 0 MiB, 23034 MiB, 17.21 W
2026/04/15 03:15:42.509, NVIDIA L4, 0 %, 0 %, 0 MiB, 23034 MiB, 17.21 W
2026/04/15 03:15:42.710, NVIDIA L4, 0 %, 0 %, 0 MiB, 23034 MiB, 17.21 W
2026/04/15 03:15:42.910, NVIDIA L4, 0 %, 0 %, 0 MiB, 23034 MiB, 17.21 W
2026/04/15 03:15:43.110, NVIDIA L4, 0 %, 0 %, 0 MiB, 23034 MiB, 17.21 W
2026/04/15 03:15:43.310, NVIDIA L4, 0 %, 0 %, 0 MiB, 23034 MiB, 17.21 W
2026/04/15 03:15:43.511, NVIDIA L4, 0 %, 0 %, 0 MiB, 23034 MiB, 17.21 W
2026/04/15 03:15:43.711, NVIDIA L4, 0 %, 0 %, 0 MiB, 23034 MiB, 17.21 W
2026/04/15 03:15:43.911, NVIDIA L4, 0 %, 0 %, 0 MiB, 23034 MiB, 17.21 W
2026/04/15 03:15:44.111, NVIDIA L4, 0 %, 0 %, 0 MiB, 23034 MiB, 17.21 W
2026/04/15 03:15:44.312, NVIDIA L4, 0 %, 0 %, 0 MiB, 23034 MiB, 17.21 W
2026/04/15 03:15:44.512, NVIDIA L4, 0 %, 0 %, 0 MiB, 23034 MiB, 17.21 W
2026/04/15 03:15:44.712, NVIDIA L4, 0 %, 0 %, 0 MiB, 23034 MiB, 17.21 W
2026/04/15 03:15:44.912, NVIDIA L4, 0 %, 0 %, 0 MiB, 23034 MiB, 17.21 W
2026/04/15 03:15:45.113, NVIDIA L4, 0 %, 0 %, 0 MiB, 23034 MiB, 17.21 W
2026/04/15 03:15:45.313, NVIDIA L4, 0 %, 0 %, 0 MiB, 23034 MiB, 17.21 W
2026/04/15 03:15:45.513, NVIDIA L4, 0 %, 0 %, 0 MiB, 23034 MiB, 17.21 W
2026/04/15 03:15:45.713, NVIDIA L4, 0 %, 0 %, 0 MiB, 23034 MiB, 17.21 W
2026/04/15 03:15:45.913, NVIDIA L4, 0 %, 0 %, 0 MiB, 23034 MiB, 17.21 W
2026/04/15 03:15:46.114, NVIDIA L4, 0 %, 0 %, 0 MiB, 23034 MiB, 17.21 W
2026/04/15 03:15:46.314, NVIDIA L4, 0 %, 0 %, 0 MiB, 23034 MiB, 17.21 W
2026/04/15 03:15:46.514, NVIDIA L4, 0 %, 0 %, 0 MiB, 23034 MiB, 17.21 W
2026/04/15 03:15:46.715, NVIDIA L4, 0 %, 0 %, 0 MiB, 23034 MiB, 17.21 W
2026/04/15 03:15:46.915, NVIDIA L4, 0 %, 0 %, 0 MiB, 23034 MiB, 17.21 W
2026/04/15 03:15:47.115, NVIDIA L4, 0 %, 0 %, 0 MiB, 23034 MiB, 17.21 W
2026/04/15 03:15:47.315, NVIDIA L4, 0 %, 0 %, 0 MiB, 23034 MiB, 17.21 W
2026/04/15 03:15:47.516, NVIDIA L4, 0 %, 0 %, 0 MiB, 23034 MiB, 17.21 W
2026/04/15 03:15:47.716, NVIDIA L4, 0 %, 0 %, 0 MiB, 23034 MiB, 17.21 W
2026/04/15 03:15:47.916, NVIDIA L4, 0 %, 0 %, 0 MiB, 23034 MiB, 17.21 W
2026/04/15 03:15:48.116, NVIDIA L4, 0 %, 0 %, 0 MiB, 23034 MiB, 17.21 W
2026/04/15 03:15:48.317, NVIDIA L4, 0 %, 0 %, 0 MiB, 23034 MiB, 17.21 W
2026/04/15 03:15:48.517, NVIDIA L4, 0 %, 0 %, 0 MiB, 23034 MiB, 17.21 W
2026/04/15 03:15:48.717, NVIDIA L4, 0 %, 0 %, 0 MiB, 23034 MiB, 17.21 W
